4206
0, (0, 1, 13, 16, 17, 23)
1, (0, 1, 14, 15, 16, 17)
2, (0, 1, 14, 15, 17, 23)
3, (0, 1, 14, 16, 17, 19)
4, (0, 1, 14, 16, 17, 22)
5, (0, 1, 14, 17, 19, 23)
6, (0, 1, 14, 17, 22, 23)
7, (0, 1, 15, 16, 17, 18)
8, (0, 1, 15, 16, 17, 21)
9, (0, 1, 15, 16, 19, 23)
10, (0, 1, 15, 16, 22, 23)
11, (0, 1, 15, 17, 18, 23)
12, (0, 1, 15, 17, 19, 22)
13, (0, 1, 15, 17, 21, 23)
14, (0, 1, 16, 17, 18, 19)
15, (0, 1, 16, 17, 18, 22)
16, (0, 1, 16, 17, 19, 21)
17, (0, 1, 16, 17, 20, 23)
18, (0, 1, 16, 17, 21, 22)
19, (0, 1, 16, 19, 22, 23)
20, (0, 1, 17, 18, 19, 23)
21, (0, 1, 17, 18, 22, 23)
22, (0, 1, 17, 19, 21, 23)
23, (0, 1, 17, 21, 22, 23)
24, (0, 2, 12, 16, 17, 23)
25, (0, 2, 13, 15, 16, 17)
26, (0, 2, 13, 15, 17, 23)
27, (0, 2, 13, 16, 17, 19)
28, (0, 2, 13, 16, 17, 22)
29, (0, 2, 13, 17, 19, 23)
30, (0, 2, 13, 17, 22, 23)
31, (0, 2, 14, 15, 16, 23)
32, (0, 2, 14, 15, 17, 19)
33, (0, 2, 14, 15, 17, 22)
34, (0, 2, 14, 16, 17, 18)
35, (0, 2, 14, 16, 17, 21)
36, (0, 2, 14, 16, 19, 23)
37, (0, 2, 14, 16, 22, 23)
38, (0, 2, 14, 17, 18, 23)
39, (0, 2, 14, 17, 19, 22)
40, (0, 2, 14, 17, 21, 23)
41, (0, 2, 15, 16, 17, 20)
42, (0, 2, 15, 16, 18, 23)
43, (0, 2, 15, 16, 19, 22)
44, (0, 2, 15, 16, 21, 23)
45, (0, 2, 15, 17, 18, 19)
46, (0, 2, 15, 17, 18, 22)
47, (0, 2, 15, 17, 19, 21)
48, (0, 2, 15, 17, 20, 23)
49, (0, 2, 15, 17, 21, 22)
50, (0, 2, 15, 19, 22, 23)
51, (0, 2, 16, 17, 18, 21)
52, (0, 2, 16, 17, 19, 20)
53, (0, 2, 16, 17, 20, 22)
54, (0, 2, 16, 18, 19, 23)
55, (0, 2, 16, 18, 22, 23)
56, (0, 2, 16, 19, 21, 23)
57, (0, 2, 16, 21, 22, 23)
58, (0, 2, 17, 18, 19, 22)
59, (0, 2, 17, 18, 21, 23)
60, (0, 2, 17, 19, 20, 23)
61, (0, 2, 17, 19, 21, 22)
62, (0, 2, 17, 20, 22, 23)
63, (0, 3, 12, 15, 16, 17)
64, (0, 3, 12, 15, 17, 23)
65, (0, 3, 12, 16, 17, 19)
66, (0, 3, 12, 16, 17, 22)
67, (0, 3, 12, 17, 19, 23)
68, (0, 3, 12, 17, 22, 23)
69, (0, 3, 13, 14, 16, 17)
70, (0, 3, 13, 14, 17, 23)
71, (0, 3, 13, 15, 16, 23)
72, (0, 3, 13, 15, 17, 19)
73, (0, 3, 13, 15, 17, 22)
74, (0, 3, 13, 16, 17, 18)
75, (0, 3, 13, 16, 17, 21)
76, (0, 3, 13, 16, 19, 23)
77, (0, 3, 13, 16, 22, 23)
78, (0, 3, 13, 17, 18, 23)
79, (0, 3, 13, 17, 19, 22)
80, (0, 3, 13, 17, 21, 23)
81, (0, 3, 14, 15, 16, 19)
82, (0, 3, 14, 15, 16, 22)
83, (0, 3, 14, 15, 17, 18)
84, (0, 3, 14, 15, 17, 21)
85, (0, 3, 14, 15, 19, 23)
86, (0, 3, 14, 15, 22, 23)
87, (0, 3, 14, 16, 17, 20)
88, (0, 3, 14, 16, 18, 23)
89, (0, 3, 14, 16, 19, 22)
90, (0, 3, 14, 16, 21, 23)
91, (0, 3, 14, 17, 18, 19)
92, (0, 3, 14, 17, 18, 22)
93, (0, 3, 14, 17, 19, 21)
94, (0, 3, 14, 17, 20, 23)
95, (0, 3, 14, 17, 21, 22)
96, (0, 3, 14, 19, 22, 23)
97, (0, 3, 15, 16, 18, 19)
98, (0, 3, 15, 16, 18, 22)
99, (0, 3, 15, 16, 19, 21)
100, (0, 3, 15, 16, 20, 23)
101, (0, 3, 15, 16, 21, 22)
102, (0, 3, 15, 17, 18, 21)
103, (0, 3, 15, 17, 19, 20)
104, (0, 3, 15, 17, 20, 22)
105, (0, 3, 15, 18, 19, 23)
106, (0, 3, 15, 18, 22, 23)
107, (0, 3, 15, 19, 21, 23)
108, (0, 3, 15, 21, 22, 23)
109, (0, 3, 16, 17, 18, 20)
110, (0, 3, 16, 17, 20, 21)
111, (0, 3, 16, 18, 19, 22)
112, (0, 3, 16, 18, 21, 23)
113, (0, 3, 16, 19, 20, 23)
114, (0, 3, 16, 19, 21, 22)
115, (0, 3, 16, 20, 22, 23)
116, (0, 3, 17, 18, 19, 21)
117, (0, 3, 17, 18, 20, 23)
118, (0, 3, 17, 18, 21, 22)
119, (0, 3, 17, 19, 20, 22)
120, (0, 3, 17, 20, 21, 23)
121, (0, 3, 18, 19, 22, 23)
122, (0, 3, 19, 21, 22, 23)
123, (0, 4, 12, 14, 16, 17)
124, (0, 4, 12, 14, 17, 23)
125, (0, 4, 12, 15, 16, 23)
126, (0, 4, 12, 15, 17, 19)
127, (0, 4, 12, 15, 17, 22)
128, (0, 4, 12, 16, 17, 18)
129, (0, 4, 12, 16, 17, 21)
130, (0, 4, 12, 16, 19, 23)
131, (0, 4, 12, 16, 22, 23)
132, (0, 4, 12, 17, 18, 23)
133, (0, 4, 12, 17, 19, 22)
134, (0, 4, 12, 17, 21, 23)
135, (0, 4, 13, 14, 15, 17)
136, (0, 4, 13, 14, 16, 23)
137, (0, 4, 13, 14, 17, 19)
138, (0, 4, 13, 14, 17, 22)
139, (0, 4, 13, 15, 16, 19)
140, (0, 4, 13, 15, 16, 22)
141, (0, 4, 13, 15, 17, 18)
142, (0, 4, 13, 15, 17, 21)
143, (0, 4, 13, 15, 19, 23)
144, (0, 4, 13, 15, 22, 23)
145, (0, 4, 13, 16, 17, 20)
146, (0, 4, 13, 16, 18, 23)
147, (0, 4, 13, 16, 19, 22)
148, (0, 4, 13, 16, 21, 23)
149, (0, 4, 13, 17, 18, 19)
150, (0, 4, 13, 17, 18, 22)
151, (0, 4, 13, 17, 19, 21)
152, (0, 4, 13, 17, 20, 23)
153, (0, 4, 13, 17, 21, 22)
154, (0, 4, 13, 19, 22, 23)
155, (0, 4, 14, 15, 16, 18)
156, (0, 4, 14, 15, 16, 21)
157, (0, 4, 14, 15, 17, 20)
158, (0, 4, 14, 15, 18, 23)
159, (0, 4, 14, 15, 19, 22)
160, (0, 4, 14, 15, 21, 23)
161, (0, 4, 14, 16, 18, 19)
162, (0, 4, 14, 16, 18, 22)
163, (0, 4, 14, 16, 19, 21)
164, (0, 4, 14, 16, 20, 23)
165, (0, 4, 14, 16, 21, 22)
166, (0, 4, 14, 17, 18, 21)
167, (0, 4, 14, 17, 19, 20)
168, (0, 4, 14, 17, 20, 22)
169, (0, 4, 14, 18, 19, 23)
170, (0, 4, 14, 18, 22, 23)
171, (0, 4, 14, 19, 21, 23)
172, (0, 4, 14, 21, 22, 23)
173, (0, 4, 15, 16, 18, 21)
174, (0, 4, 15, 16, 19, 20)
175, (0, 4, 15, 16, 20, 22)
176, (0, 4, 15, 17, 18, 20)
177, (0, 4, 15, 17, 20, 21)
178, (0, 4, 15, 18, 19, 22)
179, (0, 4, 15, 18, 21, 23)
180, (0, 4, 15, 19, 20, 23)
181, (0, 4, 15, 19, 21, 22)
182, (0, 4, 15, 20, 22, 23)
183, (0, 4, 16, 18, 19, 21)
184, (0, 4, 16, 18, 20, 23)
185, (0, 4, 16, 18, 21, 22)
186, (0, 4, 16, 19, 20, 22)
187, (0, 4, 16, 20, 21, 23)
188, (0, 4, 17, 18, 19, 20)
189, (0, 4, 17, 18, 20, 22)
190, (0, 4, 17, 19, 20, 21)
191, (0, 4, 17, 20, 21, 22)
192, (0, 4, 18, 19, 21, 23)
193, (0, 4, 18, 21, 22, 23)
194, (0, 4, 19, 20, 22, 23)
195, (0, 5, 12, 13, 16, 17)
196, (0, 5, 12, 13, 17, 23)
197, (0, 5, 12, 14, 15, 17)
198, (0, 5, 12, 14, 16, 23)
199, (0, 5, 12, 14, 17, 19)
200, (0, 5, 12, 14, 17, 22)
201, (0, 5, 12, 15, 16, 19)
202, (0, 5, 12, 15, 16, 22)
203, (0, 5, 12, 15, 17, 18)
204, (0, 5, 12, 15, 17, 21)
205, (0, 5, 12, 15, 19, 23)
206, (0, 5, 12, 15, 22, 23)
207, (0, 5, 12, 16, 17, 20)
208, (0, 5, 12, 16, 18, 23)
209, (0, 5, 12, 16, 19, 22)
210, (0, 5, 12, 16, 21, 23)
211, (0, 5, 12, 17, 18, 19)
212, (0, 5, 12, 17, 18, 22)
213, (0, 5, 12, 17, 19, 21)
214, (0, 5, 12, 17, 20, 23)
215, (0, 5, 12, 17, 21, 22)
216, (0, 5, 12, 19, 22, 23)
217, (0, 5, 13, 14, 15, 16)
218, (0, 5, 13, 14, 15, 23)
219, (0, 5, 13, 14, 16, 19)
220, (0, 5, 13, 14, 16, 22)
221, (0, 5, 13, 14, 17, 18)
222, (0, 5, 13, 14, 17, 21)
223, (0, 5, 13, 14, 19, 23)
224, (0, 5, 13, 14, 22, 23)
225, (0, 5, 13, 15, 16, 18)
226, (0, 5, 13, 15, 16, 21)
227, (0, 5, 13, 15, 17, 20)
228, (0, 5, 13, 15, 18, 23)
229, (0, 5, 13, 15, 19, 22)
230, (0, 5, 13, 15, 21, 23)
231, (0, 5, 13, 16, 18, 19)
232, (0, 5, 13, 16, 18, 22)
233, (0, 5, 13, 16, 19, 21)
234, (0, 5, 13, 16, 20, 23)
235, (0, 5, 13, 16, 21, 22)
236, (0, 5, 13, 17, 18, 21)
237, (0, 5, 13, 17, 19, 20)
238, (0, 5, 13, 17, 20, 22)
239, (0, 5, 13, 18, 19, 23)
240, (0, 5, 13, 18, 22, 23)
241, (0, 5, 13, 19, 21, 23)
242, (0, 5, 13, 21, 22, 23)
243, (0, 5, 14, 15, 16, 20)
244, (0, 5, 14, 15, 18, 19)
245, (0, 5, 14, 15, 18, 22)
246, (0, 5, 14, 15, 19, 21)
247, (0, 5, 14, 15, 20, 23)
248, (0, 5, 14, 15, 21, 22)
249, (0, 5, 14, 16, 18, 21)
250, (0, 5, 14, 16, 19, 20)
251, (0, 5, 14, 16, 20, 22)
252, (0, 5, 14, 17, 18, 20)
253, (0, 5, 14, 17, 20, 21)
254, (0, 5, 14, 18, 19, 22)
255, (0, 5, 14, 18, 21, 23)
256, (0, 5, 14, 19, 20, 23)
257, (0, 5, 14, 19, 21, 22)
258, (0, 5, 14, 20, 22, 23)
259, (0, 5, 15, 16, 18, 20)
260, (0, 5, 15, 16, 20, 21)
261, (0, 5, 15, 18, 19, 21)
262, (0, 5, 15, 18, 20, 23)
263, (0, 5, 15, 18, 21, 22)
264, (0, 5, 15, 19, 20, 22)
265, (0, 5, 15, 20, 21, 23)
266, (0, 5, 16, 18, 19, 20)
267, (0, 5, 16, 18, 20, 22)
268, (0, 5, 16, 19, 20, 21)
269, (0, 5, 16, 20, 21, 22)
270, (0, 5, 17, 18, 20, 21)
271, (0, 5, 18, 19, 20, 23)
272, (0, 5, 18, 19, 21, 22)
273, (0, 5, 18, 20, 22, 23)
274, (0, 5, 19, 20, 21, 23)
275, (0, 5, 20, 21, 22, 23)
276, (0, 6, 12, 16, 17, 23)
277, (0, 6, 13, 15, 16, 17)
278, (0, 6, 13, 15, 17, 23)
279, (0, 6, 13, 16, 17, 19)
280, (0, 6, 13, 16, 17, 22)
281, (0, 6, 13, 17, 19, 23)
282, (0, 6, 13, 17, 22, 23)
283, (0, 6, 14, 15, 16, 23)
284, (0, 6, 14, 15, 17, 19)
285, (0, 6, 14, 15, 17, 22)
286, (0, 6, 14, 16, 17, 18)
287, (0, 6, 14, 16, 17, 21)
288, (0, 6, 14, 16, 19, 23)
289, (0, 6, 14, 16, 22, 23)
290, (0, 6, 14, 17, 18, 23)
291, (0, 6, 14, 17, 19, 22)
292, (0, 6, 14, 17, 21, 23)
293, (0, 6, 15, 16, 17, 20)
294, (0, 6, 15, 16, 18, 23)
295, (0, 6, 15, 16, 19, 22)
296, (0, 6, 15, 16, 21, 23)
297, (0, 6, 15, 17, 18, 19)
298, (0, 6, 15, 17, 18, 22)
299, (0, 6, 15, 17, 19, 21)
300, (0, 6, 15, 17, 20, 23)
301, (0, 6, 15, 17, 21, 22)
302, (0, 6, 15, 19, 22, 23)
303, (0, 6, 16, 17, 18, 21)
304, (0, 6, 16, 17, 19, 20)
305, (0, 6, 16, 17, 20, 22)
306, (0, 6, 16, 18, 19, 23)
307, (0, 6, 16, 18, 22, 23)
308, (0, 6, 16, 19, 21, 23)
309, (0, 6, 16, 21, 22, 23)
310, (0, 6, 17, 18, 19, 22)
311, (0, 6, 17, 18, 21, 23)
312, (0, 6, 17, 19, 20, 23)
313, (0, 6, 17, 19, 21, 22)
314, (0, 6, 17, 20, 22, 23)
315, (0, 7, 12, 15, 16, 17)
316, (0, 7, 12, 15, 17, 23)
317, (0, 7, 12, 16, 17, 19)
318, (0, 7, 12, 16, 17, 22)
319, (0, 7, 12, 17, 19, 23)
320, (0, 7, 12, 17, 22, 23)
321, (0, 7, 13, 14, 16, 17)
322, (0, 7, 13, 14, 17, 23)
323, (0, 7, 13, 15, 16, 23)
324, (0, 7, 13, 15, 17, 19)
325, (0, 7, 13, 15, 17, 22)
326, (0, 7, 13, 16, 17, 18)
327, (0, 7, 13, 16, 17, 21)
328, (0, 7, 13, 16, 19, 23)
329, (0, 7, 13, 16, 22, 23)
330, (0, 7, 13, 17, 18, 23)
331, (0, 7, 13, 17, 19, 22)
332, (0, 7, 13, 17, 21, 23)
333, (0, 7, 14, 15, 16, 19)
334, (0, 7, 14, 15, 16, 22)
335, (0, 7, 14, 15, 17, 18)
336, (0, 7, 14, 15, 17, 21)
337, (0, 7, 14, 15, 19, 23)
338, (0, 7, 14, 15, 22, 23)
339, (0, 7, 14, 16, 17, 20)
340, (0, 7, 14, 16, 18, 23)
341, (0, 7, 14, 16, 19, 22)
342, (0, 7, 14, 16, 21, 23)
343, (0, 7, 14, 17, 18, 19)
344, (0, 7, 14, 17, 18, 22)
345, (0, 7, 14, 17, 19, 21)
346, (0, 7, 14, 17, 20, 23)
347, (0, 7, 14, 17, 21, 22)
348, (0, 7, 14, 19, 22, 23)
349, (0, 7, 15, 16, 18, 19)
350, (0, 7, 15, 16, 18, 22)
351, (0, 7, 15, 16, 19, 21)
352, (0, 7, 15, 16, 20, 23)
353, (0, 7, 15, 16, 21, 22)
354, (0, 7, 15, 17, 18, 21)
355, (0, 7, 15, 17, 19, 20)
356, (0, 7, 15, 17, 20, 22)
357, (0, 7, 15, 18, 19, 23)
358, (0, 7, 15, 18, 22, 23)
359, (0, 7, 15, 19, 21, 23)
360, (0, 7, 15, 21, 22, 23)
361, (0, 7, 16, 17, 18, 20)
362, (0, 7, 16, 17, 20, 21)
363, (0, 7, 16, 18, 19, 22)
364, (0, 7, 16, 18, 21, 23)
365, (0, 7, 16, 19, 20, 23)
366, (0, 7, 16, 19, 21, 22)
367, (0, 7, 16, 20, 22, 23)
368, (0, 7, 17, 18, 19, 21)
369, (0, 7, 17, 18, 20, 23)
370, (0, 7, 17, 18, 21, 22)
371, (0, 7, 17, 19, 20, 22)
372, (0, 7, 17, 20, 21, 23)
373, (0, 7, 18, 19, 22, 23)
374, (0, 7, 19, 21, 22, 23)
375, (0, 8, 13, 16, 17, 23)
376, (0, 8, 14, 15, 16, 17)
377, (0, 8, 14, 15, 17, 23)
378, (0, 8, 14, 16, 17, 19)
379, (0, 8, 14, 16, 17, 22)
380, (0, 8, 14, 17, 19, 23)
381, (0, 8, 14, 17, 22, 23)
382, (0, 8, 15, 16, 17, 18)
383, (0, 8, 15, 16, 17, 21)
384, (0, 8, 15, 16, 19, 23)
385, (0, 8, 15, 16, 22, 23)
386, (0, 8, 15, 17, 18, 23)
387, (0, 8, 15, 17, 19, 22)
388, (0, 8, 15, 17, 21, 23)
389, (0, 8, 16, 17, 18, 19)
390, (0, 8, 16, 17, 18, 22)
391, (0, 8, 16, 17, 19, 21)
392, (0, 8, 16, 17, 20, 23)
393, (0, 8, 16, 17, 21, 22)
394, (0, 8, 16, 19, 22, 23)
395, (0, 8, 17, 18, 19, 23)
396, (0, 8, 17, 18, 22, 23)
397, (0, 8, 17, 19, 21, 23)
398, (0, 8, 17, 21, 22, 23)
399, (0, 9, 12, 16, 17, 23)
400, (0, 9, 13, 15, 16, 17)
401, (0, 9, 13, 15, 17, 23)
402, (0, 9, 13, 16, 17, 19)
403, (0, 9, 13, 16, 17, 22)
404, (0, 9, 13, 17, 19, 23)
405, (0, 9, 13, 17, 22, 23)
406, (0, 9, 14, 15, 16, 23)
407, (0, 9, 14, 15, 17, 19)
408, (0, 9, 14, 15, 17, 22)
409, (0, 9, 14, 16, 17, 18)
410, (0, 9, 14, 16, 17, 21)
411, (0, 9, 14, 16, 19, 23)
412, (0, 9, 14, 16, 22, 23)
413, (0, 9, 14, 17, 18, 23)
414, (0, 9, 14, 17, 19, 22)
415, (0, 9, 14, 17, 21, 23)
416, (0, 9, 15, 16, 17, 20)
417, (0, 9, 15, 16, 18, 23)
418, (0, 9, 15, 16, 19, 22)
419, (0, 9, 15, 16, 21, 23)
420, (0, 9, 15, 17, 18, 19)
421, (0, 9, 15, 17, 18, 22)
422, (0, 9, 15, 17, 19, 21)
423, (0, 9, 15, 17, 20, 23)
424, (0, 9, 15, 17, 21, 22)
425, (0, 9, 15, 19, 22, 23)
426, (0, 9, 16, 17, 18, 21)
427, (0, 9, 16, 17, 19, 20)
428, (0, 9, 16, 17, 20, 22)
429, (0, 9, 16, 18, 19, 23)
430, (0, 9, 16, 18, 22, 23)
431, (0, 9, 16, 19, 21, 23)
432, (0, 9, 16, 21, 22, 23)
433, (0, 9, 17, 18, 19, 22)
434, (0, 9, 17, 18, 21, 23)
435, (0, 9, 17, 19, 20, 23)
436, (0, 9, 17, 19, 21, 22)
437, (0, 9, 17, 20, 22, 23)
438, (0, 10, 12, 15, 16, 17)
439, (0, 10, 12, 15, 17, 23)
440, (0, 10, 12, 16, 17, 19)
441, (0, 10, 12, 16, 17, 22)
442, (0, 10, 12, 17, 19, 23)
443, (0, 10, 12, 17, 22, 23)
444, (0, 10, 13, 14, 16, 17)
445, (0, 10, 13, 14, 17, 23)
446, (0, 10, 13, 15, 16, 23)
447, (0, 10, 13, 15, 17, 19)
448, (0, 10, 13, 15, 17, 22)
449, (0, 10, 13, 16, 17, 18)
450, (0, 10, 13, 16, 17, 21)
451, (0, 10, 13, 16, 19, 23)
452, (0, 10, 13, 16, 22, 23)
453, (0, 10, 13, 17, 18, 23)
454, (0, 10, 13, 17, 19, 22)
455, (0, 10, 13, 17, 21, 23)
456, (0, 10, 14, 15, 16, 19)
457, (0, 10, 14, 15, 16, 22)
458, (0, 10, 14, 15, 17, 18)
459, (0, 10, 14, 15, 17, 21)
460, (0, 10, 14, 15, 19, 23)
461, (0, 10, 14, 15, 22, 23)
462, (0, 10, 14, 16, 17, 20)
463, (0, 10, 14, 16, 18, 23)
464, (0, 10, 14, 16, 19, 22)
465, (0, 10, 14, 16, 21, 23)
466, (0, 10, 14, 17, 18, 19)
467, (0, 10, 14, 17, 18, 22)
468, (0, 10, 14, 17, 19, 21)
469, (0, 10, 14, 17, 20, 23)
470, (0, 10, 14, 17, 21, 22)
471, (0, 10, 14, 19, 22, 23)
472, (0, 10, 15, 16, 18, 19)
473, (0, 10, 15, 16, 18, 22)
474, (0, 10, 15, 16, 19, 21)
475, (0, 10, 15, 16, 20, 23)
476, (0, 10, 15, 16, 21, 22)
477, (0, 10, 15, 17, 18, 21)
478, (0, 10, 15, 17, 19, 20)
479, (0, 10, 15, 17, 20, 22)
480, (0, 10, 15, 18, 19, 23)
481, (0, 10, 15, 18, 22, 23)
482, (0, 10, 15, 19, 21, 23)
483, (0, 10, 15, 21, 22, 23)
484, (0, 10, 16, 17, 18, 20)
485, (0, 10, 16, 17, 20, 21)
486, (0, 10, 16, 18, 19, 22)
487, (0, 10, 16, 18, 21, 23)
488, (0, 10, 16, 19, 20, 23)
489, (0, 10, 16, 19, 21, 22)
490, (0, 10, 16, 20, 22, 23)
491, (0, 10, 17, 18, 19, 21)
492, (0, 10, 17, 18, 20, 23)
493, (0, 10, 17, 18, 21, 22)
494, (0, 10, 17, 19, 20, 22)
495, (0, 10, 17, 20, 21, 23)
496, (0, 10, 18, 19, 22, 23)
497, (0, 10, 19, 21, 22, 23)
498, (0, 11, 12, 14, 16, 17)
499, (0, 11, 12, 14, 17, 23)
500, (0, 11, 12, 15, 16, 23)
501, (0, 11, 12, 15, 17, 19)
502, (0, 11, 12, 15, 17, 22)
503, (0, 11, 12, 16, 17, 18)
504, (0, 11, 12, 16, 17, 21)
505, (0, 11, 12, 16, 19, 23)
506, (0, 11, 12, 16, 22, 23)
507, (0, 11, 12, 17, 18, 23)
508, (0, 11, 12, 17, 19, 22)
509, (0, 11, 12, 17, 21, 23)
510, (0, 11, 13, 14, 15, 17)
511, (0, 11, 13, 14, 16, 23)
512, (0, 11, 13, 14, 17, 19)
513, (0, 11, 13, 14, 17, 22)
514, (0, 11, 13, 15, 16, 19)
515, (0, 11, 13, 15, 16, 22)
516, (0, 11, 13, 15, 17, 18)
517, (0, 11, 13, 15, 17, 21)
518, (0, 11, 13, 15, 19, 23)
519, (0, 11, 13, 15, 22, 23)
520, (0, 11, 13, 16, 17, 20)
521, (0, 11, 13, 16, 18, 23)
522, (0, 11, 13, 16, 19, 22)
523, (0, 11, 13, 16, 21, 23)
524, (0, 11, 13, 17, 18, 19)
525, (0, 11, 13, 17, 18, 22)
526, (0, 11, 13, 17, 19, 21)
527, (0, 11, 13, 17, 20, 23)
528, (0, 11, 13, 17, 21, 22)
529, (0, 11, 13, 19, 22, 23)
530, (0, 11, 14, 15, 16, 18)
531, (0, 11, 14, 15, 16, 21)
532, (0, 11, 14, 15, 17, 20)
533, (0, 11, 14, 15, 18, 23)
534, (0, 11, 14, 15, 19, 22)
535, (0, 11, 14, 15, 21, 23)
536, (0, 11, 14, 16, 18, 19)
537, (0, 11, 14, 16, 18, 22)
538, (0, 11, 14, 16, 19, 21)
539, (0, 11, 14, 16, 20, 23)
540, (0, 11, 14, 16, 21, 22)
541, (0, 11, 14, 17, 18, 21)
542, (0, 11, 14, 17, 19, 20)
543, (0, 11, 14, 17, 20, 22)
544, (0, 11, 14, 18, 19, 23)
545, (0, 11, 14, 18, 22, 23)
546, (0, 11, 14, 19, 21, 23)
547, (0, 11, 14, 21, 22, 23)
548, (0, 11, 15, 16, 18, 21)
549, (0, 11, 15, 16, 19, 20)
550, (0, 11, 15, 16, 20, 22)
551, (0, 11, 15, 17, 18, 20)
552, (0, 11, 15, 17, 20, 21)
553, (0, 11, 15, 18, 19, 22)
554, (0, 11, 15, 18, 21, 23)
555, (0, 11, 15, 19, 20, 23)
556, (0, 11, 15, 19, 21, 22)
557, (0, 11, 15, 20, 22, 23)
558, (0, 11, 16, 18, 19, 21)
559, (0, 11, 16, 18, 20, 23)
560, (0, 11, 16, 18, 21, 22)
561, (0, 11, 16, 19, 20, 22)
562, (0, 11, 16, 20, 21, 23)
563, (0, 11, 17, 18, 19, 20)
564, (0, 11, 17, 18, 20, 22)
565, (0, 11, 17, 19, 20, 21)
566, (0, 11, 17, 20, 21, 22)
567, (0, 11, 18, 19, 21, 23)
568, (0, 11, 18, 21, 22, 23)
569, (0, 11, 19, 20, 22, 23)
570, (1, 2, 12, 15, 16, 17)
571, (1, 2, 12, 15, 17, 23)
572, (1, 2, 12, 16, 17, 19)
573, (1, 2, 12, 16, 17, 22)
574, (1, 2, 12, 17, 19, 23)
575, (1, 2, 12, 17, 22, 23)
576, (1, 2, 13, 14, 16, 17)
577, (1, 2, 13, 14, 17, 23)
578, (1, 2, 13, 15, 16, 23)
579, (1, 2, 13, 15, 17, 19)
580, (1, 2, 13, 15, 17, 22)
581, (1, 2, 13, 16, 17, 18)
582, (1, 2, 13, 16, 17, 21)
583, (1, 2, 13, 16, 19, 23)
584, (1, 2, 13, 16, 22, 23)
585, (1, 2, 13, 17, 18, 23)
586, (1, 2, 13, 17, 19, 22)
587, (1, 2, 13, 17, 21, 23)
588, (1, 2, 14, 15, 16, 19)
589, (1, 2, 14, 15, 16, 22)
590, (1, 2, 14, 15, 17, 18)
591, (1, 2, 14, 15, 17, 21)
592, (1, 2, 14, 15, 19, 23)
593, (1, 2, 14, 15, 22, 23)
594, (1, 2, 14, 16, 17, 20)
595, (1, 2, 14, 16, 18, 23)
596, (1, 2, 14, 16, 19, 22)
597, (1, 2, 14, 16, 21, 23)
598, (1, 2, 14, 17, 18, 19)
599, (1, 2, 14, 17, 18, 22)
600, (1, 2, 14, 17, 19, 21)
601, (1, 2, 14, 17, 20, 23)
602, (1, 2, 14, 17, 21, 22)
603, (1, 2, 14, 19, 22, 23)
604, (1, 2, 15, 16, 18, 19)
605, (1, 2, 15, 16, 18, 22)
606, (1, 2, 15, 16, 19, 21)
607, (1, 2, 15, 16, 20, 23)
608, (1, 2, 15, 16, 21, 22)
609, (1, 2, 15, 17, 18, 21)
610, (1, 2, 15, 17, 19, 20)
611, (1, 2, 15, 17, 20, 22)
612, (1, 2, 15, 18, 19, 23)
613, (1, 2, 15, 18, 22, 23)
614, (1, 2, 15, 19, 21, 23)
615, (1, 2, 15, 21, 22, 23)
616, (1, 2, 16, 17, 18, 20)
617, (1, 2, 16, 17, 20, 21)
618, (1, 2, 16, 18, 19, 22)
619, (1, 2, 16, 18, 21, 23)
620, (1, 2, 16, 19, 20, 23)
621, (1, 2, 16, 19, 21, 22)
622, (1, 2, 16, 20, 22, 23)
623, (1, 2, 17, 18, 19, 21)
624, (1, 2, 17, 18, 20, 23)
625, (1, 2, 17, 18, 21, 22)
626, (1, 2, 17, 19, 20, 22)
627, (1, 2, 17, 20, 21, 23)
628, (1, 2, 18, 19, 22, 23)
629, (1, 2, 19, 21, 22, 23)
630, (1, 3, 12, 14, 16, 17)
631, (1, 3, 12, 14, 17, 23)
632, (1, 3, 12, 15, 16, 23)
633, (1, 3, 12, 15, 17, 19)
634, (1, 3, 12, 15, 17, 22)
635, (1, 3, 12, 16, 17, 18)
636, (1, 3, 12, 16, 17, 21)
637, (1, 3, 12, 16, 19, 23)
638, (1, 3, 12, 16, 22, 23)
639, (1, 3, 12, 17, 18, 23)
640, (1, 3, 12, 17, 19, 22)
641, (1, 3, 12, 17, 21, 23)
642, (1, 3, 13, 14, 15, 17)
643, (1, 3, 13, 14, 16, 23)
644, (1, 3, 13, 14, 17, 19)
645, (1, 3, 13, 14, 17, 22)
646, (1, 3, 13, 15, 16, 19)
647, (1, 3, 13, 15, 16, 22)
648, (1, 3, 13, 15, 17, 18)
649, (1, 3, 13, 15, 17, 21)
650, (1, 3, 13, 15, 19, 23)
651, (1, 3, 13, 15, 22, 23)
652, (1, 3, 13, 16, 17, 20)
653, (1, 3, 13, 16, 18, 23)
654, (1, 3, 13, 16, 19, 22)
655, (1, 3, 13, 16, 21, 23)
656, (1, 3, 13, 17, 18, 19)
657, (1, 3, 13, 17, 18, 22)
658, (1, 3, 13, 17, 19, 21)
659, (1, 3, 13, 17, 20, 23)
660, (1, 3, 13, 17, 21, 22)
661, (1, 3, 13, 19, 22, 23)
662, (1, 3, 14, 15, 16, 18)
663, (1, 3, 14, 15, 16, 21)
664, (1, 3, 14, 15, 17, 20)
665, (1, 3, 14, 15, 18, 23)
666, (1, 3, 14, 15, 19, 22)
667, (1, 3, 14, 15, 21, 23)
668, (1, 3, 14, 16, 18, 19)
669, (1, 3, 14, 16, 18, 22)
670, (1, 3, 14, 16, 19, 21)
671, (1, 3, 14, 16, 20, 23)
672, (1, 3, 14, 16, 21, 22)
673, (1, 3, 14, 17, 18, 21)
674, (1, 3, 14, 17, 19, 20)
675, (1, 3, 14, 17, 20, 22)
676, (1, 3, 14, 18, 19, 23)
677, (1, 3, 14, 18, 22, 23)
678, (1, 3, 14, 19, 21, 23)
679, (1, 3, 14, 21, 22, 23)
680, (1, 3, 15, 16, 18, 21)
681, (1, 3, 15, 16, 19, 20)
682, (1, 3, 15, 16, 20, 22)
683, (1, 3, 15, 17, 18, 20)
684, (1, 3, 15, 17, 20, 21)
685, (1, 3, 15, 18, 19, 22)
686, (1, 3, 15, 18, 21, 23)
687, (1, 3, 15, 19, 20, 23)
688, (1, 3, 15, 19, 21, 22)
689, (1, 3, 15, 20, 22, 23)
690, (1, 3, 16, 18, 19, 21)
691, (1, 3, 16, 18, 20, 23)
692, (1, 3, 16, 18, 21, 22)
693, (1, 3, 16, 19, 20, 22)
694, (1, 3, 16, 20, 21, 23)
695, (1, 3, 17, 18, 19, 20)
696, (1, 3, 17, 18, 20, 22)
697, (1, 3, 17, 19, 20, 21)
698, (1, 3, 17, 20, 21, 22)
699, (1, 3, 18, 19, 21, 23)
700, (1, 3, 18, 21, 22, 23)
701, (1, 3, 19, 20, 22, 23)
702, (1, 4, 12, 13, 16, 17)
703, (1, 4, 12, 13, 17, 23)
704, (1, 4, 12, 14, 15, 17)
705, (1, 4, 12, 14, 16, 23)
706, (1, 4, 12, 14, 17, 19)
707, (1, 4, 12, 14, 17, 22)
708, (1, 4, 12, 15, 16, 19)
709, (1, 4, 12, 15, 16, 22)
710, (1, 4, 12, 15, 17, 18)
711, (1, 4, 12, 15, 17, 21)
712, (1, 4, 12, 15, 19, 23)
713, (1, 4, 12, 15, 22, 23)
714, (1, 4, 12, 16, 17, 20)
715, (1, 4, 12, 16, 18, 23)
716, (1, 4, 12, 16, 19, 22)
717, (1, 4, 12, 16, 21, 23)
718, (1, 4, 12, 17, 18, 19)
719, (1, 4, 12, 17, 18, 22)
720, (1, 4, 12, 17, 19, 21)
721, (1, 4, 12, 17, 20, 23)
722, (1, 4, 12, 17, 21, 22)
723, (1, 4, 12, 19, 22, 23)
724, (1, 4, 13, 14, 15, 16)
725, (1, 4, 13, 14, 15, 23)
726, (1, 4, 13, 14, 16, 19)
727, (1, 4, 13, 14, 16, 22)
728, (1, 4, 13, 14, 17, 18)
729, (1, 4, 13, 14, 17, 21)
730, (1, 4, 13, 14, 19, 23)
731, (1, 4, 13, 14, 22, 23)
732, (1, 4, 13, 15, 16, 18)
733, (1, 4, 13, 15, 16, 21)
734, (1, 4, 13, 15, 17, 20)
735, (1, 4, 13, 15, 18, 23)
736, (1, 4, 13, 15, 19, 22)
737, (1, 4, 13, 15, 21, 23)
738, (1, 4, 13, 16, 18, 19)
739, (1, 4, 13, 16, 18, 22)
740, (1, 4, 13, 16, 19, 21)
741, (1, 4, 13, 16, 20, 23)
742, (1, 4, 13, 16, 21, 22)
743, (1, 4, 13, 17, 18, 21)
744, (1, 4, 13, 17, 19, 20)
745, (1, 4, 13, 17, 20, 22)
746, (1, 4, 13, 18, 19, 23)
747, (1, 4, 13, 18, 22, 23)
748, (1, 4, 13, 19, 21, 23)
749, (1, 4, 13, 21, 22, 23)
750, (1, 4, 14, 15, 16, 20)
751, (1, 4, 14, 15, 18, 19)
752, (1, 4, 14, 15, 18, 22)
753, (1, 4, 14, 15, 19, 21)
754, (1, 4, 14, 15, 20, 23)
755, (1, 4, 14, 15, 21, 22)
756, (1, 4, 14, 16, 18, 21)
757, (1, 4, 14, 16, 19, 20)
758, (1, 4, 14, 16, 20, 22)
759, (1, 4, 14, 17, 18, 20)
760, (1, 4, 14, 17, 20, 21)
761, (1, 4, 14, 18, 19, 22)
762, (1, 4, 14, 18, 21, 23)
763, (1, 4, 14, 19, 20, 23)
764, (1, 4, 14, 19, 21, 22)
765, (1, 4, 14, 20, 22, 23)
766, (1, 4, 15, 16, 18, 20)
767, (1, 4, 15, 16, 20, 21)
768, (1, 4, 15, 18, 19, 21)
769, (1, 4, 15, 18, 20, 23)
770, (1, 4, 15, 18, 21, 22)
771, (1, 4, 15, 19, 20, 22)
772, (1, 4, 15, 20, 21, 23)
773, (1, 4, 16, 18, 19, 20)
774, (1, 4, 16, 18, 20, 22)
775, (1, 4, 16, 19, 20, 21)
776, (1, 4, 16, 20, 21, 22)
777, (1, 4, 17, 18, 20, 21)
778, (1, 4, 18, 19, 20, 23)
779, (1, 4, 18, 19, 21, 22)
780, (1, 4, 18, 20, 22, 23)
781, (1, 4, 19, 20, 21, 23)
782, (1, 4, 20, 21, 22, 23)
783, (1, 5, 12, 13, 15, 17)
784, (1, 5, 12, 13, 16, 23)
785, (1, 5, 12, 13, 17, 19)
786, (1, 5, 12, 13, 17, 22)
787, (1, 5, 12, 14, 15, 16)
788, (1, 5, 12, 14, 15, 23)
789, (1, 5, 12, 14, 16, 19)
790, (1, 5, 12, 14, 16, 22)
791, (1, 5, 12, 14, 17, 18)
792, (1, 5, 12, 14, 17, 21)
793, (1, 5, 12, 14, 19, 23)
794, (1, 5, 12, 14, 22, 23)
795, (1, 5, 12, 15, 16, 18)
796, (1, 5, 12, 15, 16, 21)
797, (1, 5, 12, 15, 17, 20)
798, (1, 5, 12, 15, 18, 23)
799, (1, 5, 12, 15, 19, 22)
800, (1, 5, 12, 15, 21, 23)
801, (1, 5, 12, 16, 18, 19)
802, (1, 5, 12, 16, 18, 22)
803, (1, 5, 12, 16, 19, 21)
804, (1, 5, 12, 16, 20, 23)
805, (1, 5, 12, 16, 21, 22)
806, (1, 5, 12, 17, 18, 21)
807, (1, 5, 12, 17, 19, 20)
808, (1, 5, 12, 17, 20, 22)
809, (1, 5, 12, 18, 19, 23)
810, (1, 5, 12, 18, 22, 23)
811, (1, 5, 12, 19, 21, 23)
812, (1, 5, 12, 21, 22, 23)
813, (1, 5, 13, 14, 15, 19)
814, (1, 5, 13, 14, 15, 22)
815, (1, 5, 13, 14, 16, 18)
816, (1, 5, 13, 14, 16, 21)
817, (1, 5, 13, 14, 17, 20)
818, (1, 5, 13, 14, 18, 23)
819, (1, 5, 13, 14, 19, 22)
820, (1, 5, 13, 14, 21, 23)
821, (1, 5, 13, 15, 16, 20)
822, (1, 5, 13, 15, 18, 19)
823, (1, 5, 13, 15, 18, 22)
824, (1, 5, 13, 15, 19, 21)
825, (1, 5, 13, 15, 20, 23)
826, (1, 5, 13, 15, 21, 22)
827, (1, 5, 13, 16, 18, 21)
828, (1, 5, 13, 16, 19, 20)
829, (1, 5, 13, 16, 20, 22)
830, (1, 5, 13, 17, 18, 20)
831, (1, 5, 13, 17, 20, 21)
832, (1, 5, 13, 18, 19, 22)
833, (1, 5, 13, 18, 21, 23)
834, (1, 5, 13, 19, 20, 23)
835, (1, 5, 13, 19, 21, 22)
836, (1, 5, 13, 20, 22, 23)
837, (1, 5, 14, 15, 18, 21)
838, (1, 5, 14, 15, 19, 20)
839, (1, 5, 14, 15, 20, 22)
840, (1, 5, 14, 16, 18, 20)
841, (1, 5, 14, 16, 20, 21)
842, (1, 5, 14, 18, 19, 21)
843, (1, 5, 14, 18, 20, 23)
844, (1, 5, 14, 18, 21, 22)
845, (1, 5, 14, 19, 20, 22)
846, (1, 5, 14, 20, 21, 23)
847, (1, 5, 15, 18, 19, 20)
848, (1, 5, 15, 18, 20, 22)
849, (1, 5, 15, 19, 20, 21)
850, (1, 5, 15, 20, 21, 22)
851, (1, 5, 16, 18, 20, 21)
852, (1, 5, 18, 19, 20, 22)
853, (1, 5, 18, 20, 21, 23)
854, (1, 5, 19, 20, 21, 22)
855, (1, 6, 12, 15, 16, 17)
856, (1, 6, 12, 15, 17, 23)
857, (1, 6, 12, 16, 17, 19)
858, (1, 6, 12, 16, 17, 22)
859, (1, 6, 12, 17, 19, 23)
860, (1, 6, 12, 17, 22, 23)
861, (1, 6, 13, 14, 16, 17)
862, (1, 6, 13, 14, 17, 23)
863, (1, 6, 13, 15, 16, 23)
864, (1, 6, 13, 15, 17, 19)
865, (1, 6, 13, 15, 17, 22)
866, (1, 6, 13, 16, 17, 18)
867, (1, 6, 13, 16, 17, 21)
868, (1, 6, 13, 16, 19, 23)
869, (1, 6, 13, 16, 22, 23)
870, (1, 6, 13, 17, 18, 23)
871, (1, 6, 13, 17, 19, 22)
872, (1, 6, 13, 17, 21, 23)
873, (1, 6, 14, 15, 16, 19)
874, (1, 6, 14, 15, 16, 22)
875, (1, 6, 14, 15, 17, 18)
876, (1, 6, 14, 15, 17, 21)
877, (1, 6, 14, 15, 19, 23)
878, (1, 6, 14, 15, 22, 23)
879, (1, 6, 14, 16, 17, 20)
880, (1, 6, 14, 16, 18, 23)
881, (1, 6, 14, 16, 19, 22)
882, (1, 6, 14, 16, 21, 23)
883, (1, 6, 14, 17, 18, 19)
884, (1, 6, 14, 17, 18, 22)
885, (1, 6, 14, 17, 19, 21)
886, (1, 6, 14, 17, 20, 23)
887, (1, 6, 14, 17, 21, 22)
888, (1, 6, 14, 19, 22, 23)
889, (1, 6, 15, 16, 18, 19)
890, (1, 6, 15, 16, 18, 22)
891, (1, 6, 15, 16, 19, 21)
892, (1, 6, 15, 16, 20, 23)
893, (1, 6, 15, 16, 21, 22)
894, (1, 6, 15, 17, 18, 21)
895, (1, 6, 15, 17, 19, 20)
896, (1, 6, 15, 17, 20, 22)
897, (1, 6, 15, 18, 19, 23)
898, (1, 6, 15, 18, 22, 23)
899, (1, 6, 15, 19, 21, 23)
900, (1, 6, 15, 21, 22, 23)
901, (1, 6, 16, 17, 18, 20)
902, (1, 6, 16, 17, 20, 21)
903, (1, 6, 16, 18, 19, 22)
904, (1, 6, 16, 18, 21, 23)
905, (1, 6, 16, 19, 20, 23)
906, (1, 6, 16, 19, 21, 22)
907, (1, 6, 16, 20, 22, 23)
908, (1, 6, 17, 18, 19, 21)
909, (1, 6, 17, 18, 20, 23)
910, (1, 6, 17, 18, 21, 22)
911, (1, 6, 17, 19, 20, 22)
912, (1, 6, 17, 20, 21, 23)
913, (1, 6, 18, 19, 22, 23)
914, (1, 6, 19, 21, 22, 23)
915, (1, 7, 12, 14, 16, 17)
916, (1, 7, 12, 14, 17, 23)
917, (1, 7, 12, 15, 16, 23)
918, (1, 7, 12, 15, 17, 19)
919, (1, 7, 12, 15, 17, 22)
920, (1, 7, 12, 16, 17, 18)
921, (1, 7, 12, 16, 17, 21)
922, (1, 7, 12, 16, 19, 23)
923, (1, 7, 12, 16, 22, 23)
924, (1, 7, 12, 17, 18, 23)
925, (1, 7, 12, 17, 19, 22)
926, (1, 7, 12, 17, 21, 23)
927, (1, 7, 13, 14, 15, 17)
928, (1, 7, 13, 14, 16, 23)
929, (1, 7, 13, 14, 17, 19)
930, (1, 7, 13, 14, 17, 22)
931, (1, 7, 13, 15, 16, 19)
932, (1, 7, 13, 15, 16, 22)
933, (1, 7, 13, 15, 17, 18)
934, (1, 7, 13, 15, 17, 21)
935, (1, 7, 13, 15, 19, 23)
936, (1, 7, 13, 15, 22, 23)
937, (1, 7, 13, 16, 17, 20)
938, (1, 7, 13, 16, 18, 23)
939, (1, 7, 13, 16, 19, 22)
940, (1, 7, 13, 16, 21, 23)
941, (1, 7, 13, 17, 18, 19)
942, (1, 7, 13, 17, 18, 22)
943, (1, 7, 13, 17, 19, 21)
944, (1, 7, 13, 17, 20, 23)
945, (1, 7, 13, 17, 21, 22)
946, (1, 7, 13, 19, 22, 23)
947, (1, 7, 14, 15, 16, 18)
948, (1, 7, 14, 15, 16, 21)
949, (1, 7, 14, 15, 17, 20)
950, (1, 7, 14, 15, 18, 23)
951, (1, 7, 14, 15, 19, 22)
952, (1, 7, 14, 15, 21, 23)
953, (1, 7, 14, 16, 18, 19)
954, (1, 7, 14, 16, 18, 22)
955, (1, 7, 14, 16, 19, 21)
956, (1, 7, 14, 16, 20, 23)
957, (1, 7, 14, 16, 21, 22)
958, (1, 7, 14, 17, 18, 21)
959, (1, 7, 14, 17, 19, 20)
960, (1, 7, 14, 17, 20, 22)
961, (1, 7, 14, 18, 19, 23)
962, (1, 7, 14, 18, 22, 23)
963, (1, 7, 14, 19, 21, 23)
964, (1, 7, 14, 21, 22, 23)
965, (1, 7, 15, 16, 18, 21)
966, (1, 7, 15, 16, 19, 20)
967, (1, 7, 15, 16, 20, 22)
968, (1, 7, 15, 17, 18, 20)
969, (1, 7, 15, 17, 20, 21)
970, (1, 7, 15, 18, 19, 22)
971, (1, 7, 15, 18, 21, 23)
972, (1, 7, 15, 19, 20, 23)
973, (1, 7, 15, 19, 21, 22)
974, (1, 7, 15, 20, 22, 23)
975, (1, 7, 16, 18, 19, 21)
976, (1, 7, 16, 18, 20, 23)
977, (1, 7, 16, 18, 21, 22)
978, (1, 7, 16, 19, 20, 22)
979, (1, 7, 16, 20, 21, 23)
980, (1, 7, 17, 18, 19, 20)
981, (1, 7, 17, 18, 20, 22)
982, (1, 7, 17, 19, 20, 21)
983, (1, 7, 17, 20, 21, 22)
984, (1, 7, 18, 19, 21, 23)
985, (1, 7, 18, 21, 22, 23)
986, (1, 7, 19, 20, 22, 23)
987, (1, 8, 12, 16, 17, 23)
988, (1, 8, 13, 15, 16, 17)
989, (1, 8, 13, 15, 17, 23)
990, (1, 8, 13, 16, 17, 19)
991, (1, 8, 13, 16, 17, 22)
992, (1, 8, 13, 17, 19, 23)
993, (1, 8, 13, 17, 22, 23)
994, (1, 8, 14, 15, 16, 23)
995, (1, 8, 14, 15, 17, 19)
996, (1, 8, 14, 15, 17, 22)
997, (1, 8, 14, 16, 17, 18)
998, (1, 8, 14, 16, 17, 21)
999, (1, 8, 14, 16, 19, 23)
1000, (1, 8, 14, 16, 22, 23)
1001, (1, 8, 14, 17, 18, 23)
1002, (1, 8, 14, 17, 19, 22)
1003, (1, 8, 14, 17, 21, 23)
1004, (1, 8, 15, 16, 17, 20)
1005, (1, 8, 15, 16, 18, 23)
1006, (1, 8, 15, 16, 19, 22)
1007, (1, 8, 15, 16, 21, 23)
1008, (1, 8, 15, 17, 18, 19)
1009, (1, 8, 15, 17, 18, 22)
1010, (1, 8, 15, 17, 19, 21)
1011, (1, 8, 15, 17, 20, 23)
1012, (1, 8, 15, 17, 21, 22)
1013, (1, 8, 15, 19, 22, 23)
1014, (1, 8, 16, 17, 18, 21)
1015, (1, 8, 16, 17, 19, 20)
1016, (1, 8, 16, 17, 20, 22)
1017, (1, 8, 16, 18, 19, 23)
1018, (1, 8, 16, 18, 22, 23)
1019, (1, 8, 16, 19, 21, 23)
1020, (1, 8, 16, 21, 22, 23)
1021, (1, 8, 17, 18, 19, 22)
1022, (1, 8, 17, 18, 21, 23)
1023, (1, 8, 17, 19, 20, 23)
1024, (1, 8, 17, 19, 21, 22)
1025, (1, 8, 17, 20, 22, 23)
1026, (1, 9, 12, 15, 16, 17)
1027, (1, 9, 12, 15, 17, 23)
1028, (1, 9, 12, 16, 17, 19)
1029, (1, 9, 12, 16, 17, 22)
1030, (1, 9, 12, 17, 19, 23)
1031, (1, 9, 12, 17, 22, 23)
1032, (1, 9, 13, 14, 16, 17)
1033, (1, 9, 13, 14, 17, 23)
1034, (1, 9, 13, 15, 16, 23)
1035, (1, 9, 13, 15, 17, 19)
1036, (1, 9, 13, 15, 17, 22)
1037, (1, 9, 13, 16, 17, 18)
1038, (1, 9, 13, 16, 17, 21)
1039, (1, 9, 13, 16, 19, 23)
1040, (1, 9, 13, 16, 22, 23)
1041, (1, 9, 13, 17, 18, 23)
1042, (1, 9, 13, 17, 19, 22)
1043, (1, 9, 13, 17, 21, 23)
1044, (1, 9, 14, 15, 16, 19)
1045, (1, 9, 14, 15, 16, 22)
1046, (1, 9, 14, 15, 17, 18)
1047, (1, 9, 14, 15, 17, 21)
1048, (1, 9, 14, 15, 19, 23)
1049, (1, 9, 14, 15, 22, 23)
1050, (1, 9, 14, 16, 17, 20)
1051, (1, 9, 14, 16, 18, 23)
1052, (1, 9, 14, 16, 19, 22)
1053, (1, 9, 14, 16, 21, 23)
1054, (1, 9, 14, 17, 18, 19)
1055, (1, 9, 14, 17, 18, 22)
1056, (1, 9, 14, 17, 19, 21)
1057, (1, 9, 14, 17, 20, 23)
1058, (1, 9, 14, 17, 21, 22)
1059, (1, 9, 14, 19, 22, 23)
1060, (1, 9, 15, 16, 18, 19)
1061, (1, 9, 15, 16, 18, 22)
1062, (1, 9, 15, 16, 19, 21)
1063, (1, 9, 15, 16, 20, 23)
1064, (1, 9, 15, 16, 21, 22)
1065, (1, 9, 15, 17, 18, 21)
1066, (1, 9, 15, 17, 19, 20)
1067, (1, 9, 15, 17, 20, 22)
1068, (1, 9, 15, 18, 19, 23)
1069, (1, 9, 15, 18, 22, 23)
1070, (1, 9, 15, 19, 21, 23)
1071, (1, 9, 15, 21, 22, 23)
1072, (1, 9, 16, 17, 18, 20)
1073, (1, 9, 16, 17, 20, 21)
1074, (1, 9, 16, 18, 19, 22)
1075, (1, 9, 16, 18, 21, 23)
1076, (1, 9, 16, 19, 20, 23)
1077, (1, 9, 16, 19, 21, 22)
1078, (1, 9, 16, 20, 22, 23)
1079, (1, 9, 17, 18, 19, 21)
1080, (1, 9, 17, 18, 20, 23)
1081, (1, 9, 17, 18, 21, 22)
1082, (1, 9, 17, 19, 20, 22)
1083, (1, 9, 17, 20, 21, 23)
1084, (1, 9, 18, 19, 22, 23)
1085, (1, 9, 19, 21, 22, 23)
1086, (1, 10, 12, 14, 16, 17)
1087, (1, 10, 12, 14, 17, 23)
1088, (1, 10, 12, 15, 16, 23)
1089, (1, 10, 12, 15, 17, 19)
1090, (1, 10, 12, 15, 17, 22)
1091, (1, 10, 12, 16, 17, 18)
1092, (1, 10, 12, 16, 17, 21)
1093, (1, 10, 12, 16, 19, 23)
1094, (1, 10, 12, 16, 22, 23)
1095, (1, 10, 12, 17, 18, 23)
1096, (1, 10, 12, 17, 19, 22)
1097, (1, 10, 12, 17, 21, 23)
1098, (1, 10, 13, 14, 15, 17)
1099, (1, 10, 13, 14, 16, 23)
1100, (1, 10, 13, 14, 17, 19)
1101, (1, 10, 13, 14, 17, 22)
1102, (1, 10, 13, 15, 16, 19)
1103, (1, 10, 13, 15, 16, 22)
1104, (1, 10, 13, 15, 17, 18)
1105, (1, 10, 13, 15, 17, 21)
1106, (1, 10, 13, 15, 19, 23)
1107, (1, 10, 13, 15, 22, 23)
1108, (1, 10, 13, 16, 17, 20)
1109, (1, 10, 13, 16, 18, 23)
1110, (1, 10, 13, 16, 19, 22)
1111, (1, 10, 13, 16, 21, 23)
1112, (1, 10, 13, 17, 18, 19)
1113, (1, 10, 13, 17, 18, 22)
1114, (1, 10, 13, 17, 19, 21)
1115, (1, 10, 13, 17, 20, 23)
1116, (1, 10, 13, 17, 21, 22)
1117, (1, 10, 13, 19, 22, 23)
1118, (1, 10, 14, 15, 16, 18)
1119, (1, 10, 14, 15, 16, 21)
1120, (1, 10, 14, 15, 17, 20)
1121, (1, 10, 14, 15, 18, 23)
1122, (1, 10, 14, 15, 19, 22)
1123, (1, 10, 14, 15, 21, 23)
1124, (1, 10, 14, 16, 18, 19)
1125, (1, 10, 14, 16, 18, 22)
1126, (1, 10, 14, 16, 19, 21)
1127, (1, 10, 14, 16, 20, 23)
1128, (1, 10, 14, 16, 21, 22)
1129, (1, 10, 14, 17, 18, 21)
1130, (1, 10, 14, 17, 19, 20)
1131, (1, 10, 14, 17, 20, 22)
1132, (1, 10, 14, 18, 19, 23)
1133, (1, 10, 14, 18, 22, 23)
1134, (1, 10, 14, 19, 21, 23)
1135, (1, 10, 14, 21, 22, 23)
1136, (1, 10, 15, 16, 18, 21)
1137, (1, 10, 15, 16, 19, 20)
1138, (1, 10, 15, 16, 20, 22)
1139, (1, 10, 15, 17, 18, 20)
1140, (1, 10, 15, 17, 20, 21)
1141, (1, 10, 15, 18, 19, 22)
1142, (1, 10, 15, 18, 21, 23)
1143, (1, 10, 15, 19, 20, 23)
1144, (1, 10, 15, 19, 21, 22)
1145, (1, 10, 15, 20, 22, 23)
1146, (1, 10, 16, 18, 19, 21)
1147, (1, 10, 16, 18, 20, 23)
1148, (1, 10, 16, 18, 21, 22)
1149, (1, 10, 16, 19, 20, 22)
1150, (1, 10, 16, 20, 21, 23)
1151, (1, 10, 17, 18, 19, 20)
1152, (1, 10, 17, 18, 20, 22)
1153, (1, 10, 17, 19, 20, 21)
1154, (1, 10, 17, 20, 21, 22)
1155, (1, 10, 18, 19, 21, 23)
1156, (1, 10, 18, 21, 22, 23)
1157, (1, 10, 19, 20, 22, 23)
1158, (1, 11, 12, 13, 16, 17)
1159, (1, 11, 12, 13, 17, 23)
1160, (1, 11, 12, 14, 15, 17)
1161, (1, 11, 12, 14, 16, 23)
1162, (1, 11, 12, 14, 17, 19)
1163, (1, 11, 12, 14, 17, 22)
1164, (1, 11, 12, 15, 16, 19)
1165, (1, 11, 12, 15, 16, 22)
1166, (1, 11, 12, 15, 17, 18)
1167, (1, 11, 12, 15, 17, 21)
1168, (1, 11, 12, 15, 19, 23)
1169, (1, 11, 12, 15, 22, 23)
1170, (1, 11, 12, 16, 17, 20)
1171, (1, 11, 12, 16, 18, 23)
1172, (1, 11, 12, 16, 19, 22)
1173, (1, 11, 12, 16, 21, 23)
1174, (1, 11, 12, 17, 18, 19)
1175, (1, 11, 12, 17, 18, 22)
1176, (1, 11, 12, 17, 19, 21)
1177, (1, 11, 12, 17, 20, 23)
1178, (1, 11, 12, 17, 21, 22)
1179, (1, 11, 12, 19, 22, 23)
1180, (1, 11, 13, 14, 15, 16)
1181, (1, 11, 13, 14, 15, 23)
1182, (1, 11, 13, 14, 16, 19)
1183, (1, 11, 13, 14, 16, 22)
1184, (1, 11, 13, 14, 17, 18)
1185, (1, 11, 13, 14, 17, 21)
1186, (1, 11, 13, 14, 19, 23)
1187, (1, 11, 13, 14, 22, 23)
1188, (1, 11, 13, 15, 16, 18)
1189, (1, 11, 13, 15, 16, 21)
1190, (1, 11, 13, 15, 17, 20)
1191, (1, 11, 13, 15, 18, 23)
1192, (1, 11, 13, 15, 19, 22)
1193, (1, 11, 13, 15, 21, 23)
1194, (1, 11, 13, 16, 18, 19)
1195, (1, 11, 13, 16, 18, 22)
1196, (1, 11, 13, 16, 19, 21)
1197, (1, 11, 13, 16, 20, 23)
1198, (1, 11, 13, 16, 21, 22)
1199, (1, 11, 13, 17, 18, 21)
1200, (1, 11, 13, 17, 19, 20)
1201, (1, 11, 13, 17, 20, 22)
1202, (1, 11, 13, 18, 19, 23)
1203, (1, 11, 13, 18, 22, 23)
1204, (1, 11, 13, 19, 21, 23)
1205, (1, 11, 13, 21, 22, 23)
1206, (1, 11, 14, 15, 16, 20)
1207, (1, 11, 14, 15, 18, 19)
1208, (1, 11, 14, 15, 18, 22)
1209, (1, 11, 14, 15, 19, 21)
1210, (1, 11, 14, 15, 20, 23)
1211, (1, 11, 14, 15, 21, 22)
1212, (1, 11, 14, 16, 18, 21)
1213, (1, 11, 14, 16, 19, 20)
1214, (1, 11, 14, 16, 20, 22)
1215, (1, 11, 14, 17, 18, 20)
1216, (1, 11, 14, 17, 20, 21)
1217, (1, 11, 14, 18, 19, 22)
1218, (1, 11, 14, 18, 21, 23)
1219, (1, 11, 14, 19, 20, 23)
1220, (1, 11, 14, 19, 21, 22)
1221, (1, 11, 14, 20, 22, 23)
1222, (1, 11, 15, 16, 18, 20)
1223, (1, 11, 15, 16, 20, 21)
1224, (1, 11, 15, 18, 19, 21)
1225, (1, 11, 15, 18, 20, 23)
1226, (1, 11, 15, 18, 21, 22)
1227, (1, 11, 15, 19, 20, 22)
1228, (1, 11, 15, 20, 21, 23)
1229, (1, 11, 16, 18, 19, 20)
1230, (1, 11, 16, 18, 20, 22)
1231, (1, 11, 16, 19, 20, 21)
1232, (1, 11, 16, 20, 21, 22)
1233, (1, 11, 17, 18, 20, 21)
1234, (1, 11, 18, 19, 20, 23)
1235, (1, 11, 18, 19, 21, 22)
1236, (1, 11, 18, 20, 22, 23)
1237, (1, 11, 19, 20, 21, 23)
1238, (1, 11, 20, 21, 22, 23)
1239, (2, 3, 12, 13, 16, 17)
1240, (2, 3, 12, 13, 17, 23)
1241, (2, 3, 12, 14, 15, 17)
1242, (2, 3, 12, 14, 16, 23)
1243, (2, 3, 12, 14, 17, 19)
1244, (2, 3, 12, 14, 17, 22)
1245, (2, 3, 12, 15, 16, 19)
1246, (2, 3, 12, 15, 16, 22)
1247, (2, 3, 12, 15, 17, 18)
1248, (2, 3, 12, 15, 17, 21)
1249, (2, 3, 12, 15, 19, 23)
1250, (2, 3, 12, 15, 22, 23)
1251, (2, 3, 12, 16, 17, 20)
1252, (2, 3, 12, 16, 18, 23)
1253, (2, 3, 12, 16, 19, 22)
1254, (2, 3, 12, 16, 21, 23)
1255, (2, 3, 12, 17, 18, 19)
1256, (2, 3, 12, 17, 18, 22)
1257, (2, 3, 12, 17, 19, 21)
1258, (2, 3, 12, 17, 20, 23)
1259, (2, 3, 12, 17, 21, 22)
1260, (2, 3, 12, 19, 22, 23)
1261, (2, 3, 13, 14, 15, 16)
1262, (2, 3, 13, 14, 15, 23)
1263, (2, 3, 13, 14, 16, 19)
1264, (2, 3, 13, 14, 16, 22)
1265, (2, 3, 13, 14, 17, 18)
1266, (2, 3, 13, 14, 17, 21)
1267, (2, 3, 13, 14, 19, 23)
1268, (2, 3, 13, 14, 22, 23)
1269, (2, 3, 13, 15, 16, 18)
1270, (2, 3, 13, 15, 16, 21)
1271, (2, 3, 13, 15, 17, 20)
1272, (2, 3, 13, 15, 18, 23)
1273, (2, 3, 13, 15, 19, 22)
1274, (2, 3, 13, 15, 21, 23)
1275, (2, 3, 13, 16, 18, 19)
1276, (2, 3, 13, 16, 18, 22)
1277, (2, 3, 13, 16, 19, 21)
1278, (2, 3, 13, 16, 20, 23)
1279, (2, 3, 13, 16, 21, 22)
1280, (2, 3, 13, 17, 18, 21)
1281, (2, 3, 13, 17, 19, 20)
1282, (2, 3, 13, 17, 20, 22)
1283, (2, 3, 13, 18, 19, 23)
1284, (2, 3, 13, 18, 22, 23)
1285, (2, 3, 13, 19, 21, 23)
1286, (2, 3, 13, 21, 22, 23)
1287, (2, 3, 14, 15, 16, 20)
1288, (2, 3, 14, 15, 18, 19)
1289, (2, 3, 14, 15, 18, 22)
1290, (2, 3, 14, 15, 19, 21)
1291, (2, 3, 14, 15, 20, 23)
1292, (2, 3, 14, 15, 21, 22)
1293, (2, 3, 14, 16, 18, 21)
1294, (2, 3, 14, 16, 19, 20)
1295, (2, 3, 14, 16, 20, 22)
1296, (2, 3, 14, 17, 18, 20)
1297, (2, 3, 14, 17, 20, 21)
1298, (2, 3, 14, 18, 19, 22)
1299, (2, 3, 14, 18, 21, 23)
1300, (2, 3, 14, 19, 20, 23)
1301, (2, 3, 14, 19, 21, 22)
1302, (2, 3, 14, 20, 22, 23)
1303, (2, 3, 15, 16, 18, 20)
1304, (2, 3, 15, 16, 20, 21)
1305, (2, 3, 15, 18, 19, 21)
1306, (2, 3, 15, 18, 20, 23)
1307, (2, 3, 15, 18, 21, 22)
1308, (2, 3, 15, 19, 20, 22)
1309, (2, 3, 15, 20, 21, 23)
1310, (2, 3, 16, 18, 19, 20)
1311, (2, 3, 16, 18, 20, 22)
1312, (2, 3, 16, 19, 20, 21)
1313, (2, 3, 16, 20, 21, 22)
1314, (2, 3, 17, 18, 20, 21)
1315, (2, 3, 18, 19, 20, 23)
1316, (2, 3, 18, 19, 21, 22)
1317, (2, 3, 18, 20, 22, 23)
1318, (2, 3, 19, 20, 21, 23)
1319, (2, 3, 20, 21, 22, 23)
1320, (2, 4, 12, 13, 15, 17)
1321, (2, 4, 12, 13, 16, 23)
1322, (2, 4, 12, 13, 17, 19)
1323, (2, 4, 12, 13, 17, 22)
1324, (2, 4, 12, 14, 15, 16)
1325, (2, 4, 12, 14, 15, 23)
1326, (2, 4, 12, 14, 16, 19)
1327, (2, 4, 12, 14, 16, 22)
1328, (2, 4, 12, 14, 17, 18)
1329, (2, 4, 12, 14, 17, 21)
1330, (2, 4, 12, 14, 19, 23)
1331, (2, 4, 12, 14, 22, 23)
1332, (2, 4, 12, 15, 16, 18)
1333, (2, 4, 12, 15, 16, 21)
1334, (2, 4, 12, 15, 17, 20)
1335, (2, 4, 12, 15, 18, 23)
1336, (2, 4, 12, 15, 19, 22)
1337, (2, 4, 12, 15, 21, 23)
1338, (2, 4, 12, 16, 18, 19)
1339, (2, 4, 12, 16, 18, 22)
1340, (2, 4, 12, 16, 19, 21)
1341, (2, 4, 12, 16, 20, 23)
1342, (2, 4, 12, 16, 21, 22)
1343, (2, 4, 12, 17, 18, 21)
1344, (2, 4, 12, 17, 19, 20)
1345, (2, 4, 12, 17, 20, 22)
1346, (2, 4, 12, 18, 19, 23)
1347, (2, 4, 12, 18, 22, 23)
1348, (2, 4, 12, 19, 21, 23)
1349, (2, 4, 12, 21, 22, 23)
1350, (2, 4, 13, 14, 15, 19)
1351, (2, 4, 13, 14, 15, 22)
1352, (2, 4, 13, 14, 16, 18)
1353, (2, 4, 13, 14, 16, 21)
1354, (2, 4, 13, 14, 17, 20)
1355, (2, 4, 13, 14, 18, 23)
1356, (2, 4, 13, 14, 19, 22)
1357, (2, 4, 13, 14, 21, 23)
1358, (2, 4, 13, 15, 16, 20)
1359, (2, 4, 13, 15, 18, 19)
1360, (2, 4, 13, 15, 18, 22)
1361, (2, 4, 13, 15, 19, 21)
1362, (2, 4, 13, 15, 20, 23)
1363, (2, 4, 13, 15, 21, 22)
1364, (2, 4, 13, 16, 18, 21)
1365, (2, 4, 13, 16, 19, 20)
1366, (2, 4, 13, 16, 20, 22)
1367, (2, 4, 13, 17, 18, 20)
1368, (2, 4, 13, 17, 20, 21)
1369, (2, 4, 13, 18, 19, 22)
1370, (2, 4, 13, 18, 21, 23)
1371, (2, 4, 13, 19, 20, 23)
1372, (2, 4, 13, 19, 21, 22)
1373, (2, 4, 13, 20, 22, 23)
1374, (2, 4, 14, 15, 18, 21)
1375, (2, 4, 14, 15, 19, 20)
1376, (2, 4, 14, 15, 20, 22)
1377, (2, 4, 14, 16, 18, 20)
1378, (2, 4, 14, 16, 20, 21)
1379, (2, 4, 14, 18, 19, 21)
1380, (2, 4, 14, 18, 20, 23)
1381, (2, 4, 14, 18, 21, 22)
1382, (2, 4, 14, 19, 20, 22)
1383, (2, 4, 14, 20, 21, 23)
1384, (2, 4, 15, 18, 19, 20)
1385, (2, 4, 15, 18, 20, 22)
1386, (2, 4, 15, 19, 20, 21)
1387, (2, 4, 15, 20, 21, 22)
1388, (2, 4, 16, 18, 20, 21)
1389, (2, 4, 18, 19, 20, 22)
1390, (2, 4, 18, 20, 21, 23)
1391, (2, 4, 19, 20, 21, 22)
1392, (2, 5, 12, 13, 14, 17)
1393, (2, 5, 12, 13, 15, 16)
1394, (2, 5, 12, 13, 15, 23)
1395, (2, 5, 12, 13, 16, 19)
1396, (2, 5, 12, 13, 16, 22)
1397, (2, 5, 12, 13, 17, 18)
1398, (2, 5, 12, 13, 17, 21)
1399, (2, 5, 12, 13, 19, 23)
1400, (2, 5, 12, 13, 22, 23)
1401, (2, 5, 12, 14, 15, 19)
1402, (2, 5, 12, 14, 15, 22)
1403, (2, 5, 12, 14, 16, 18)
1404, (2, 5, 12, 14, 16, 21)
1405, (2, 5, 12, 14, 17, 20)
1406, (2, 5, 12, 14, 18, 23)
1407, (2, 5, 12, 14, 19, 22)
1408, (2, 5, 12, 14, 21, 23)
1409, (2, 5, 12, 15, 16, 20)
1410, (2, 5, 12, 15, 18, 19)
1411, (2, 5, 12, 15, 18, 22)
1412, (2, 5, 12, 15, 19, 21)
1413, (2, 5, 12, 15, 20, 23)
1414, (2, 5, 12, 15, 21, 22)
1415, (2, 5, 12, 16, 18, 21)
1416, (2, 5, 12, 16, 19, 20)
1417, (2, 5, 12, 16, 20, 22)
1418, (2, 5, 12, 17, 18, 20)
1419, (2, 5, 12, 17, 20, 21)
1420, (2, 5, 12, 18, 19, 22)
1421, (2, 5, 12, 18, 21, 23)
1422, (2, 5, 12, 19, 20, 23)
1423, (2, 5, 12, 19, 21, 22)
1424, (2, 5, 12, 20, 22, 23)
1425, (2, 5, 13, 14, 15, 18)
1426, (2, 5, 13, 14, 15, 21)
1427, (2, 5, 13, 14, 16, 20)
1428, (2, 5, 13, 14, 18, 19)
1429, (2, 5, 13, 14, 18, 22)
1430, (2, 5, 13, 14, 19, 21)
1431, (2, 5, 13, 14, 20, 23)
1432, (2, 5, 13, 14, 21, 22)
1433, (2, 5, 13, 15, 18, 21)
1434, (2, 5, 13, 15, 19, 20)
1435, (2, 5, 13, 15, 20, 22)
1436, (2, 5, 13, 16, 18, 20)
1437, (2, 5, 13, 16, 20, 21)
1438, (2, 5, 13, 18, 19, 21)
1439, (2, 5, 13, 18, 20, 23)
1440, (2, 5, 13, 18, 21, 22)
1441, (2, 5, 13, 19, 20, 22)
1442, (2, 5, 13, 20, 21, 23)
1443, (2, 5, 14, 15, 18, 20)
1444, (2, 5, 14, 15, 20, 21)
1445, (2, 5, 14, 18, 19, 20)
1446, (2, 5, 14, 18, 20, 22)
1447, (2, 5, 14, 19, 20, 21)
1448, (2, 5, 14, 20, 21, 22)
1449, (2, 5, 15, 18, 20, 21)
1450, (2, 5, 18, 19, 20, 21)
1451, (2, 5, 18, 20, 21, 22)
1452, (2, 6, 12, 14, 16, 17)
1453, (2, 6, 12, 14, 17, 23)
1454, (2, 6, 12, 15, 16, 23)
1455, (2, 6, 12, 15, 17, 19)
1456, (2, 6, 12, 15, 17, 22)
1457, (2, 6, 12, 16, 17, 18)
1458, (2, 6, 12, 16, 17, 21)
1459, (2, 6, 12, 16, 19, 23)
1460, (2, 6, 12, 16, 22, 23)
1461, (2, 6, 12, 17, 18, 23)
1462, (2, 6, 12, 17, 19, 22)
1463, (2, 6, 12, 17, 21, 23)
1464, (2, 6, 13, 14, 15, 17)
1465, (2, 6, 13, 14, 16, 23)
1466, (2, 6, 13, 14, 17, 19)
1467, (2, 6, 13, 14, 17, 22)
1468, (2, 6, 13, 15, 16, 19)
1469, (2, 6, 13, 15, 16, 22)
1470, (2, 6, 13, 15, 17, 18)
1471, (2, 6, 13, 15, 17, 21)
1472, (2, 6, 13, 15, 19, 23)
1473, (2, 6, 13, 15, 22, 23)
1474, (2, 6, 13, 16, 17, 20)
1475, (2, 6, 13, 16, 18, 23)
1476, (2, 6, 13, 16, 19, 22)
1477, (2, 6, 13, 16, 21, 23)
1478, (2, 6, 13, 17, 18, 19)
1479, (2, 6, 13, 17, 18, 22)
1480, (2, 6, 13, 17, 19, 21)
1481, (2, 6, 13, 17, 20, 23)
1482, (2, 6, 13, 17, 21, 22)
1483, (2, 6, 13, 19, 22, 23)
1484, (2, 6, 14, 15, 16, 18)
1485, (2, 6, 14, 15, 16, 21)
1486, (2, 6, 14, 15, 17, 20)
1487, (2, 6, 14, 15, 18, 23)
1488, (2, 6, 14, 15, 19, 22)
1489, (2, 6, 14, 15, 21, 23)
1490, (2, 6, 14, 16, 18, 19)
1491, (2, 6, 14, 16, 18, 22)
1492, (2, 6, 14, 16, 19, 21)
1493, (2, 6, 14, 16, 20, 23)
1494, (2, 6, 14, 16, 21, 22)
1495, (2, 6, 14, 17, 18, 21)
1496, (2, 6, 14, 17, 19, 20)
1497, (2, 6, 14, 17, 20, 22)
1498, (2, 6, 14, 18, 19, 23)
1499, (2, 6, 14, 18, 22, 23)
1500, (2, 6, 14, 19, 21, 23)
1501, (2, 6, 14, 21, 22, 23)
1502, (2, 6, 15, 16, 18, 21)
1503, (2, 6, 15, 16, 19, 20)
1504, (2, 6, 15, 16, 20, 22)
1505, (2, 6, 15, 17, 18, 20)
1506, (2, 6, 15, 17, 20, 21)
1507, (2, 6, 15, 18, 19, 22)
1508, (2, 6, 15, 18, 21, 23)
1509, (2, 6, 15, 19, 20, 23)
1510, (2, 6, 15, 19, 21, 22)
1511, (2, 6, 15, 20, 22, 23)
1512, (2, 6, 16, 18, 19, 21)
1513, (2, 6, 16, 18, 20, 23)
1514, (2, 6, 16, 18, 21, 22)
1515, (2, 6, 16, 19, 20, 22)
1516, (2, 6, 16, 20, 21, 23)
1517, (2, 6, 17, 18, 19, 20)
1518, (2, 6, 17, 18, 20, 22)
1519, (2, 6, 17, 19, 20, 21)
1520, (2, 6, 17, 20, 21, 22)
1521, (2, 6, 18, 19, 21, 23)
1522, (2, 6, 18, 21, 22, 23)
1523, (2, 6, 19, 20, 22, 23)
1524, (2, 7, 12, 13, 16, 17)
1525, (2, 7, 12, 13, 17, 23)
1526, (2, 7, 12, 14, 15, 17)
1527, (2, 7, 12, 14, 16, 23)
1528, (2, 7, 12, 14, 17, 19)
1529, (2, 7, 12, 14, 17, 22)
1530, (2, 7, 12, 15, 16, 19)
1531, (2, 7, 12, 15, 16, 22)
1532, (2, 7, 12, 15, 17, 18)
1533, (2, 7, 12, 15, 17, 21)
1534, (2, 7, 12, 15, 19, 23)
1535, (2, 7, 12, 15, 22, 23)
1536, (2, 7, 12, 16, 17, 20)
1537, (2, 7, 12, 16, 18, 23)
1538, (2, 7, 12, 16, 19, 22)
1539, (2, 7, 12, 16, 21, 23)
1540, (2, 7, 12, 17, 18, 19)
1541, (2, 7, 12, 17, 18, 22)
1542, (2, 7, 12, 17, 19, 21)
1543, (2, 7, 12, 17, 20, 23)
1544, (2, 7, 12, 17, 21, 22)
1545, (2, 7, 12, 19, 22, 23)
1546, (2, 7, 13, 14, 15, 16)
1547, (2, 7, 13, 14, 15, 23)
1548, (2, 7, 13, 14, 16, 19)
1549, (2, 7, 13, 14, 16, 22)
1550, (2, 7, 13, 14, 17, 18)
1551, (2, 7, 13, 14, 17, 21)
1552, (2, 7, 13, 14, 19, 23)
1553, (2, 7, 13, 14, 22, 23)
1554, (2, 7, 13, 15, 16, 18)
1555, (2, 7, 13, 15, 16, 21)
1556, (2, 7, 13, 15, 17, 20)
1557, (2, 7, 13, 15, 18, 23)
1558, (2, 7, 13, 15, 19, 22)
1559, (2, 7, 13, 15, 21, 23)
1560, (2, 7, 13, 16, 18, 19)
1561, (2, 7, 13, 16, 18, 22)
1562, (2, 7, 13, 16, 19, 21)
1563, (2, 7, 13, 16, 20, 23)
1564, (2, 7, 13, 16, 21, 22)
1565, (2, 7, 13, 17, 18, 21)
1566, (2, 7, 13, 17, 19, 20)
1567, (2, 7, 13, 17, 20, 22)
1568, (2, 7, 13, 18, 19, 23)
1569, (2, 7, 13, 18, 22, 23)
1570, (2, 7, 13, 19, 21, 23)
1571, (2, 7, 13, 21, 22, 23)
1572, (2, 7, 14, 15, 16, 20)
1573, (2, 7, 14, 15, 18, 19)
1574, (2, 7, 14, 15, 18, 22)
1575, (2, 7, 14, 15, 19, 21)
1576, (2, 7, 14, 15, 20, 23)
1577, (2, 7, 14, 15, 21, 22)
1578, (2, 7, 14, 16, 18, 21)
1579, (2, 7, 14, 16, 19, 20)
1580, (2, 7, 14, 16, 20, 22)
1581, (2, 7, 14, 17, 18, 20)
1582, (2, 7, 14, 17, 20, 21)
1583, (2, 7, 14, 18, 19, 22)
1584, (2, 7, 14, 18, 21, 23)
1585, (2, 7, 14, 19, 20, 23)
1586, (2, 7, 14, 19, 21, 22)
1587, (2, 7, 14, 20, 22, 23)
1588, (2, 7, 15, 16, 18, 20)
1589, (2, 7, 15, 16, 20, 21)
1590, (2, 7, 15, 18, 19, 21)
1591, (2, 7, 15, 18, 20, 23)
1592, (2, 7, 15, 18, 21, 22)
1593, (2, 7, 15, 19, 20, 22)
1594, (2, 7, 15, 20, 21, 23)
1595, (2, 7, 16, 18, 19, 20)
1596, (2, 7, 16, 18, 20, 22)
1597, (2, 7, 16, 19, 20, 21)
1598, (2, 7, 16, 20, 21, 22)
1599, (2, 7, 17, 18, 20, 21)
1600, (2, 7, 18, 19, 20, 23)
1601, (2, 7, 18, 19, 21, 22)
1602, (2, 7, 18, 20, 22, 23)
1603, (2, 7, 19, 20, 21, 23)
1604, (2, 7, 20, 21, 22, 23)
1605, (2, 8, 12, 15, 16, 17)
1606, (2, 8, 12, 15, 17, 23)
1607, (2, 8, 12, 16, 17, 19)
1608, (2, 8, 12, 16, 17, 22)
1609, (2, 8, 12, 17, 19, 23)
1610, (2, 8, 12, 17, 22, 23)
1611, (2, 8, 13, 14, 16, 17)
1612, (2, 8, 13, 14, 17, 23)
1613, (2, 8, 13, 15, 16, 23)
1614, (2, 8, 13, 15, 17, 19)
1615, (2, 8, 13, 15, 17, 22)
1616, (2, 8, 13, 16, 17, 18)
1617, (2, 8, 13, 16, 17, 21)
1618, (2, 8, 13, 16, 19, 23)
1619, (2, 8, 13, 16, 22, 23)
1620, (2, 8, 13, 17, 18, 23)
1621, (2, 8, 13, 17, 19, 22)
1622, (2, 8, 13, 17, 21, 23)
1623, (2, 8, 14, 15, 16, 19)
1624, (2, 8, 14, 15, 16, 22)
1625, (2, 8, 14, 15, 17, 18)
1626, (2, 8, 14, 15, 17, 21)
1627, (2, 8, 14, 15, 19, 23)
1628, (2, 8, 14, 15, 22, 23)
1629, (2, 8, 14, 16, 17, 20)
1630, (2, 8, 14, 16, 18, 23)
1631, (2, 8, 14, 16, 19, 22)
1632, (2, 8, 14, 16, 21, 23)
1633, (2, 8, 14, 17, 18, 19)
1634, (2, 8, 14, 17, 18, 22)
1635, (2, 8, 14, 17, 19, 21)
1636, (2, 8, 14, 17, 20, 23)
1637, (2, 8, 14, 17, 21, 22)
1638, (2, 8, 14, 19, 22, 23)
1639, (2, 8, 15, 16, 18, 19)
1640, (2, 8, 15, 16, 18, 22)
1641, (2, 8, 15, 16, 19, 21)
1642, (2, 8, 15, 16, 20, 23)
1643, (2, 8, 15, 16, 21, 22)
1644, (2, 8, 15, 17, 18, 21)
1645, (2, 8, 15, 17, 19, 20)
1646, (2, 8, 15, 17, 20, 22)
1647, (2, 8, 15, 18, 19, 23)
1648, (2, 8, 15, 18, 22, 23)
1649, (2, 8, 15, 19, 21, 23)
1650, (2, 8, 15, 21, 22, 23)
1651, (2, 8, 16, 17, 18, 20)
1652, (2, 8, 16, 17, 20, 21)
1653, (2, 8, 16, 18, 19, 22)
1654, (2, 8, 16, 18, 21, 23)
1655, (2, 8, 16, 19, 20, 23)
1656, (2, 8, 16, 19, 21, 22)
1657, (2, 8, 16, 20, 22, 23)
1658, (2, 8, 17, 18, 19, 21)
1659, (2, 8, 17, 18, 20, 23)
1660, (2, 8, 17, 18, 21, 22)
1661, (2, 8, 17, 19, 20, 22)
1662, (2, 8, 17, 20, 21, 23)
1663, (2, 8, 18, 19, 22, 23)
1664, (2, 8, 19, 21, 22, 23)
1665, (2, 9, 12, 14, 16, 17)
1666, (2, 9, 12, 14, 17, 23)
1667, (2, 9, 12, 15, 16, 23)
1668, (2, 9, 12, 15, 17, 19)
1669, (2, 9, 12, 15, 17, 22)
1670, (2, 9, 12, 16, 17, 18)
1671, (2, 9, 12, 16, 17, 21)
1672, (2, 9, 12, 16, 19, 23)
1673, (2, 9, 12, 16, 22, 23)
1674, (2, 9, 12, 17, 18, 23)
1675, (2, 9, 12, 17, 19, 22)
1676, (2, 9, 12, 17, 21, 23)
1677, (2, 9, 13, 14, 15, 17)
1678, (2, 9, 13, 14, 16, 23)
1679, (2, 9, 13, 14, 17, 19)
1680, (2, 9, 13, 14, 17, 22)
1681, (2, 9, 13, 15, 16, 19)
1682, (2, 9, 13, 15, 16, 22)
1683, (2, 9, 13, 15, 17, 18)
1684, (2, 9, 13, 15, 17, 21)
1685, (2, 9, 13, 15, 19, 23)
1686, (2, 9, 13, 15, 22, 23)
1687, (2, 9, 13, 16, 17, 20)
1688, (2, 9, 13, 16, 18, 23)
1689, (2, 9, 13, 16, 19, 22)
1690, (2, 9, 13, 16, 21, 23)
1691, (2, 9, 13, 17, 18, 19)
1692, (2, 9, 13, 17, 18, 22)
1693, (2, 9, 13, 17, 19, 21)
1694, (2, 9, 13, 17, 20, 23)
1695, (2, 9, 13, 17, 21, 22)
1696, (2, 9, 13, 19, 22, 23)
1697, (2, 9, 14, 15, 16, 18)
1698, (2, 9, 14, 15, 16, 21)
1699, (2, 9, 14, 15, 17, 20)
1700, (2, 9, 14, 15, 18, 23)
1701, (2, 9, 14, 15, 19, 22)
1702, (2, 9, 14, 15, 21, 23)
1703, (2, 9, 14, 16, 18, 19)
1704, (2, 9, 14, 16, 18, 22)
1705, (2, 9, 14, 16, 19, 21)
1706, (2, 9, 14, 16, 20, 23)
1707, (2, 9, 14, 16, 21, 22)
1708, (2, 9, 14, 17, 18, 21)
1709, (2, 9, 14, 17, 19, 20)
1710, (2, 9, 14, 17, 20, 22)
1711, (2, 9, 14, 18, 19, 23)
1712, (2, 9, 14, 18, 22, 23)
1713, (2, 9, 14, 19, 21, 23)
1714, (2, 9, 14, 21, 22, 23)
1715, (2, 9, 15, 16, 18, 21)
1716, (2, 9, 15, 16, 19, 20)
1717, (2, 9, 15, 16, 20, 22)
1718, (2, 9, 15, 17, 18, 20)
1719, (2, 9, 15, 17, 20, 21)
1720, (2, 9, 15, 18, 19, 22)
1721, (2, 9, 15, 18, 21, 23)
1722, (2, 9, 15, 19, 20, 23)
1723, (2, 9, 15, 19, 21, 22)
1724, (2, 9, 15, 20, 22, 23)
1725, (2, 9, 16, 18, 19, 21)
1726, (2, 9, 16, 18, 20, 23)
1727, (2, 9, 16, 18, 21, 22)
1728, (2, 9, 16, 19, 20, 22)
1729, (2, 9, 16, 20, 21, 23)
1730, (2, 9, 17, 18, 19, 20)
1731, (2, 9, 17, 18, 20, 22)
1732, (2, 9, 17, 19, 20, 21)
1733, (2, 9, 17, 20, 21, 22)
1734, (2, 9, 18, 19, 21, 23)
1735, (2, 9, 18, 21, 22, 23)
1736, (2, 9, 19, 20, 22, 23)
1737, (2, 10, 12, 13, 16, 17)
1738, (2, 10, 12, 13, 17, 23)
1739, (2, 10, 12, 14, 15, 17)
1740, (2, 10, 12, 14, 16, 23)
1741, (2, 10, 12, 14, 17, 19)
1742, (2, 10, 12, 14, 17, 22)
1743, (2, 10, 12, 15, 16, 19)
1744, (2, 10, 12, 15, 16, 22)
1745, (2, 10, 12, 15, 17, 18)
1746, (2, 10, 12, 15, 17, 21)
1747, (2, 10, 12, 15, 19, 23)
1748, (2, 10, 12, 15, 22, 23)
1749, (2, 10, 12, 16, 17, 20)
1750, (2, 10, 12, 16, 18, 23)
1751, (2, 10, 12, 16, 19, 22)
1752, (2, 10, 12, 16, 21, 23)
1753, (2, 10, 12, 17, 18, 19)
1754, (2, 10, 12, 17, 18, 22)
1755, (2, 10, 12, 17, 19, 21)
1756, (2, 10, 12, 17, 20, 23)
1757, (2, 10, 12, 17, 21, 22)
1758, (2, 10, 12, 19, 22, 23)
1759, (2, 10, 13, 14, 15, 16)
1760, (2, 10, 13, 14, 15, 23)
1761, (2, 10, 13, 14, 16, 19)
1762, (2, 10, 13, 14, 16, 22)
1763, (2, 10, 13, 14, 17, 18)
1764, (2, 10, 13, 14, 17, 21)
1765, (2, 10, 13, 14, 19, 23)
1766, (2, 10, 13, 14, 22, 23)
1767, (2, 10, 13, 15, 16, 18)
1768, (2, 10, 13, 15, 16, 21)
1769, (2, 10, 13, 15, 17, 20)
1770, (2, 10, 13, 15, 18, 23)
1771, (2, 10, 13, 15, 19, 22)
1772, (2, 10, 13, 15, 21, 23)
1773, (2, 10, 13, 16, 18, 19)
1774, (2, 10, 13, 16, 18, 22)
1775, (2, 10, 13, 16, 19, 21)
1776, (2, 10, 13, 16, 20, 23)
1777, (2, 10, 13, 16, 21, 22)
1778, (2, 10, 13, 17, 18, 21)
1779, (2, 10, 13, 17, 19, 20)
1780, (2, 10, 13, 17, 20, 22)
1781, (2, 10, 13, 18, 19, 23)
1782, (2, 10, 13, 18, 22, 23)
1783, (2, 10, 13, 19, 21, 23)
1784, (2, 10, 13, 21, 22, 23)
1785, (2, 10, 14, 15, 16, 20)
1786, (2, 10, 14, 15, 18, 19)
1787, (2, 10, 14, 15, 18, 22)
1788, (2, 10, 14, 15, 19, 21)
1789, (2, 10, 14, 15, 20, 23)
1790, (2, 10, 14, 15, 21, 22)
1791, (2, 10, 14, 16, 18, 21)
1792, (2, 10, 14, 16, 19, 20)
1793, (2, 10, 14, 16, 20, 22)
1794, (2, 10, 14, 17, 18, 20)
1795, (2, 10, 14, 17, 20, 21)
1796, (2, 10, 14, 18, 19, 22)
1797, (2, 10, 14, 18, 21, 23)
1798, (2, 10, 14, 19, 20, 23)
1799, (2, 10, 14, 19, 21, 22)
1800, (2, 10, 14, 20, 22, 23)
1801, (2, 10, 15, 16, 18, 20)
1802, (2, 10, 15, 16, 20, 21)
1803, (2, 10, 15, 18, 19, 21)
1804, (2, 10, 15, 18, 20, 23)
1805, (2, 10, 15, 18, 21, 22)
1806, (2, 10, 15, 19, 20, 22)
1807, (2, 10, 15, 20, 21, 23)
1808, (2, 10, 16, 18, 19, 20)
1809, (2, 10, 16, 18, 20, 22)
1810, (2, 10, 16, 19, 20, 21)
1811, (2, 10, 16, 20, 21, 22)
1812, (2, 10, 17, 18, 20, 21)
1813, (2, 10, 18, 19, 20, 23)
1814, (2, 10, 18, 19, 21, 22)
1815, (2, 10, 18, 20, 22, 23)
1816, (2, 10, 19, 20, 21, 23)
1817, (2, 10, 20, 21, 22, 23)
1818, (2, 11, 12, 13, 15, 17)
1819, (2, 11, 12, 13, 16, 23)
1820, (2, 11, 12, 13, 17, 19)
1821, (2, 11, 12, 13, 17, 22)
1822, (2, 11, 12, 14, 15, 16)
1823, (2, 11, 12, 14, 15, 23)
1824, (2, 11, 12, 14, 16, 19)
1825, (2, 11, 12, 14, 16, 22)
1826, (2, 11, 12, 14, 17, 18)
1827, (2, 11, 12, 14, 17, 21)
1828, (2, 11, 12, 14, 19, 23)
1829, (2, 11, 12, 14, 22, 23)
1830, (2, 11, 12, 15, 16, 18)
1831, (2, 11, 12, 15, 16, 21)
1832, (2, 11, 12, 15, 17, 20)
1833, (2, 11, 12, 15, 18, 23)
1834, (2, 11, 12, 15, 19, 22)
1835, (2, 11, 12, 15, 21, 23)
1836, (2, 11, 12, 16, 18, 19)
1837, (2, 11, 12, 16, 18, 22)
1838, (2, 11, 12, 16, 19, 21)
1839, (2, 11, 12, 16, 20, 23)
1840, (2, 11, 12, 16, 21, 22)
1841, (2, 11, 12, 17, 18, 21)
1842, (2, 11, 12, 17, 19, 20)
1843, (2, 11, 12, 17, 20, 22)
1844, (2, 11, 12, 18, 19, 23)
1845, (2, 11, 12, 18, 22, 23)
1846, (2, 11, 12, 19, 21, 23)
1847, (2, 11, 12, 21, 22, 23)
1848, (2, 11, 13, 14, 15, 19)
1849, (2, 11, 13, 14, 15, 22)
1850, (2, 11, 13, 14, 16, 18)
1851, (2, 11, 13, 14, 16, 21)
1852, (2, 11, 13, 14, 17, 20)
1853, (2, 11, 13, 14, 18, 23)
1854, (2, 11, 13, 14, 19, 22)
1855, (2, 11, 13, 14, 21, 23)
1856, (2, 11, 13, 15, 16, 20)
1857, (2, 11, 13, 15, 18, 19)
1858, (2, 11, 13, 15, 18, 22)
1859, (2, 11, 13, 15, 19, 21)
1860, (2, 11, 13, 15, 20, 23)
1861, (2, 11, 13, 15, 21, 22)
1862, (2, 11, 13, 16, 18, 21)
1863, (2, 11, 13, 16, 19, 20)
1864, (2, 11, 13, 16, 20, 22)
1865, (2, 11, 13, 17, 18, 20)
1866, (2, 11, 13, 17, 20, 21)
1867, (2, 11, 13, 18, 19, 22)
1868, (2, 11, 13, 18, 21, 23)
1869, (2, 11, 13, 19, 20, 23)
1870, (2, 11, 13, 19, 21, 22)
1871, (2, 11, 13, 20, 22, 23)
1872, (2, 11, 14, 15, 18, 21)
1873, (2, 11, 14, 15, 19, 20)
1874, (2, 11, 14, 15, 20, 22)
1875, (2, 11, 14, 16, 18, 20)
1876, (2, 11, 14, 16, 20, 21)
1877, (2, 11, 14, 18, 19, 21)
1878, (2, 11, 14, 18, 20, 23)
1879, (2, 11, 14, 18, 21, 22)
1880, (2, 11, 14, 19, 20, 22)
1881, (2, 11, 14, 20, 21, 23)
1882, (2, 11, 15, 18, 19, 20)
1883, (2, 11, 15, 18, 20, 22)
1884, (2, 11, 15, 19, 20, 21)
1885, (2, 11, 15, 20, 21, 22)
1886, (2, 11, 16, 18, 20, 21)
1887, (2, 11, 18, 19, 20, 22)
1888, (2, 11, 18, 20, 21, 23)
1889, (2, 11, 19, 20, 21, 22)
1890, (3, 4, 12, 13, 14, 17)
1891, (3, 4, 12, 13, 15, 16)
1892, (3, 4, 12, 13, 15, 23)
1893, (3, 4, 12, 13, 16, 19)
1894, (3, 4, 12, 13, 16, 22)
1895, (3, 4, 12, 13, 17, 18)
1896, (3, 4, 12, 13, 17, 21)
1897, (3, 4, 12, 13, 19, 23)
1898, (3, 4, 12, 13, 22, 23)
1899, (3, 4, 12, 14, 15, 19)
1900, (3, 4, 12, 14, 15, 22)
1901, (3, 4, 12, 14, 16, 18)
1902, (3, 4, 12, 14, 16, 21)
1903, (3, 4, 12, 14, 17, 20)
1904, (3, 4, 12, 14, 18, 23)
1905, (3, 4, 12, 14, 19, 22)
1906, (3, 4, 12, 14, 21, 23)
1907, (3, 4, 12, 15, 16, 20)
1908, (3, 4, 12, 15, 18, 19)
1909, (3, 4, 12, 15, 18, 22)
1910, (3, 4, 12, 15, 19, 21)
1911, (3, 4, 12, 15, 20, 23)
1912, (3, 4, 12, 15, 21, 22)
1913, (3, 4, 12, 16, 18, 21)
1914, (3, 4, 12, 16, 19, 20)
1915, (3, 4, 12, 16, 20, 22)
1916, (3, 4, 12, 17, 18, 20)
1917, (3, 4, 12, 17, 20, 21)
1918, (3, 4, 12, 18, 19, 22)
1919, (3, 4, 12, 18, 21, 23)
1920, (3, 4, 12, 19, 20, 23)
1921, (3, 4, 12, 19, 21, 22)
1922, (3, 4, 12, 20, 22, 23)
1923, (3, 4, 13, 14, 15, 18)
1924, (3, 4, 13, 14, 15, 21)
1925, (3, 4, 13, 14, 16, 20)
1926, (3, 4, 13, 14, 18, 19)
1927, (3, 4, 13, 14, 18, 22)
1928, (3, 4, 13, 14, 19, 21)
1929, (3, 4, 13, 14, 20, 23)
1930, (3, 4, 13, 14, 21, 22)
1931, (3, 4, 13, 15, 18, 21)
1932, (3, 4, 13, 15, 19, 20)
1933, (3, 4, 13, 15, 20, 22)
1934, (3, 4, 13, 16, 18, 20)
1935, (3, 4, 13, 16, 20, 21)
1936, (3, 4, 13, 18, 19, 21)
1937, (3, 4, 13, 18, 20, 23)
1938, (3, 4, 13, 18, 21, 22)
1939, (3, 4, 13, 19, 20, 22)
1940, (3, 4, 13, 20, 21, 23)
1941, (3, 4, 14, 15, 18, 20)
1942, (3, 4, 14, 15, 20, 21)
1943, (3, 4, 14, 18, 19, 20)
1944, (3, 4, 14, 18, 20, 22)
1945, (3, 4, 14, 19, 20, 21)
1946, (3, 4, 14, 20, 21, 22)
1947, (3, 4, 15, 18, 20, 21)
1948, (3, 4, 18, 19, 20, 21)
1949, (3, 4, 18, 20, 21, 22)
1950, (3, 5, 12, 13, 14, 16)
1951, (3, 5, 12, 13, 14, 23)
1952, (3, 5, 12, 13, 15, 19)
1953, (3, 5, 12, 13, 15, 22)
1954, (3, 5, 12, 13, 16, 18)
1955, (3, 5, 12, 13, 16, 21)
1956, (3, 5, 12, 13, 17, 20)
1957, (3, 5, 12, 13, 18, 23)
1958, (3, 5, 12, 13, 19, 22)
1959, (3, 5, 12, 13, 21, 23)
1960, (3, 5, 12, 14, 15, 18)
1961, (3, 5, 12, 14, 15, 21)
1962, (3, 5, 12, 14, 16, 20)
1963, (3, 5, 12, 14, 18, 19)
1964, (3, 5, 12, 14, 18, 22)
1965, (3, 5, 12, 14, 19, 21)
1966, (3, 5, 12, 14, 20, 23)
1967, (3, 5, 12, 14, 21, 22)
1968, (3, 5, 12, 15, 18, 21)
1969, (3, 5, 12, 15, 19, 20)
1970, (3, 5, 12, 15, 20, 22)
1971, (3, 5, 12, 16, 18, 20)
1972, (3, 5, 12, 16, 20, 21)
1973, (3, 5, 12, 18, 19, 21)
1974, (3, 5, 12, 18, 20, 23)
1975, (3, 5, 12, 18, 21, 22)
1976, (3, 5, 12, 19, 20, 22)
1977, (3, 5, 12, 20, 21, 23)
1978, (3, 5, 13, 14, 15, 20)
1979, (3, 5, 13, 14, 18, 21)
1980, (3, 5, 13, 14, 19, 20)
1981, (3, 5, 13, 14, 20, 22)
1982, (3, 5, 13, 15, 18, 20)
1983, (3, 5, 13, 15, 20, 21)
1984, (3, 5, 13, 18, 19, 20)
1985, (3, 5, 13, 18, 20, 22)
1986, (3, 5, 13, 19, 20, 21)
1987, (3, 5, 13, 20, 21, 22)
1988, (3, 5, 14, 18, 20, 21)
1989, (3, 6, 12, 13, 16, 17)
1990, (3, 6, 12, 13, 17, 23)
1991, (3, 6, 12, 14, 15, 17)
1992, (3, 6, 12, 14, 16, 23)
1993, (3, 6, 12, 14, 17, 19)
1994, (3, 6, 12, 14, 17, 22)
1995, (3, 6, 12, 15, 16, 19)
1996, (3, 6, 12, 15, 16, 22)
1997, (3, 6, 12, 15, 17, 18)
1998, (3, 6, 12, 15, 17, 21)
1999, (3, 6, 12, 15, 19, 23)
2000, (3, 6, 12, 15, 22, 23)
2001, (3, 6, 12, 16, 17, 20)
2002, (3, 6, 12, 16, 18, 23)
2003, (3, 6, 12, 16, 19, 22)
2004, (3, 6, 12, 16, 21, 23)
2005, (3, 6, 12, 17, 18, 19)
2006, (3, 6, 12, 17, 18, 22)
2007, (3, 6, 12, 17, 19, 21)
2008, (3, 6, 12, 17, 20, 23)
2009, (3, 6, 12, 17, 21, 22)
2010, (3, 6, 12, 19, 22, 23)
2011, (3, 6, 13, 14, 15, 16)
2012, (3, 6, 13, 14, 15, 23)
2013, (3, 6, 13, 14, 16, 19)
2014, (3, 6, 13, 14, 16, 22)
2015, (3, 6, 13, 14, 17, 18)
2016, (3, 6, 13, 14, 17, 21)
2017, (3, 6, 13, 14, 19, 23)
2018, (3, 6, 13, 14, 22, 23)
2019, (3, 6, 13, 15, 16, 18)
2020, (3, 6, 13, 15, 16, 21)
2021, (3, 6, 13, 15, 17, 20)
2022, (3, 6, 13, 15, 18, 23)
2023, (3, 6, 13, 15, 19, 22)
2024, (3, 6, 13, 15, 21, 23)
2025, (3, 6, 13, 16, 18, 19)
2026, (3, 6, 13, 16, 18, 22)
2027, (3, 6, 13, 16, 19, 21)
2028, (3, 6, 13, 16, 20, 23)
2029, (3, 6, 13, 16, 21, 22)
2030, (3, 6, 13, 17, 18, 21)
2031, (3, 6, 13, 17, 19, 20)
2032, (3, 6, 13, 17, 20, 22)
2033, (3, 6, 13, 18, 19, 23)
2034, (3, 6, 13, 18, 22, 23)
2035, (3, 6, 13, 19, 21, 23)
2036, (3, 6, 13, 21, 22, 23)
2037, (3, 6, 14, 15, 16, 20)
2038, (3, 6, 14, 15, 18, 19)
2039, (3, 6, 14, 15, 18, 22)
2040, (3, 6, 14, 15, 19, 21)
2041, (3, 6, 14, 15, 20, 23)
2042, (3, 6, 14, 15, 21, 22)
2043, (3, 6, 14, 16, 18, 21)
2044, (3, 6, 14, 16, 19, 20)
2045, (3, 6, 14, 16, 20, 22)
2046, (3, 6, 14, 17, 18, 20)
2047, (3, 6, 14, 17, 20, 21)
2048, (3, 6, 14, 18, 19, 22)
2049, (3, 6, 14, 18, 21, 23)
2050, (3, 6, 14, 19, 20, 23)
2051, (3, 6, 14, 19, 21, 22)
2052, (3, 6, 14, 20, 22, 23)
2053, (3, 6, 15, 16, 18, 20)
2054, (3, 6, 15, 16, 20, 21)
2055, (3, 6, 15, 18, 19, 21)
2056, (3, 6, 15, 18, 20, 23)
2057, (3, 6, 15, 18, 21, 22)
2058, (3, 6, 15, 19, 20, 22)
2059, (3, 6, 15, 20, 21, 23)
2060, (3, 6, 16, 18, 19, 20)
2061, (3, 6, 16, 18, 20, 22)
2062, (3, 6, 16, 19, 20, 21)
2063, (3, 6, 16, 20, 21, 22)
2064, (3, 6, 17, 18, 20, 21)
2065, (3, 6, 18, 19, 20, 23)
2066, (3, 6, 18, 19, 21, 22)
2067, (3, 6, 18, 20, 22, 23)
2068, (3, 6, 19, 20, 21, 23)
2069, (3, 6, 20, 21, 22, 23)
2070, (3, 7, 12, 13, 15, 17)
2071, (3, 7, 12, 13, 16, 23)
2072, (3, 7, 12, 13, 17, 19)
2073, (3, 7, 12, 13, 17, 22)
2074, (3, 7, 12, 14, 15, 16)
2075, (3, 7, 12, 14, 15, 23)
2076, (3, 7, 12, 14, 16, 19)
2077, (3, 7, 12, 14, 16, 22)
2078, (3, 7, 12, 14, 17, 18)
2079, (3, 7, 12, 14, 17, 21)
2080, (3, 7, 12, 14, 19, 23)
2081, (3, 7, 12, 14, 22, 23)
2082, (3, 7, 12, 15, 16, 18)
2083, (3, 7, 12, 15, 16, 21)
2084, (3, 7, 12, 15, 17, 20)
2085, (3, 7, 12, 15, 18, 23)
2086, (3, 7, 12, 15, 19, 22)
2087, (3, 7, 12, 15, 21, 23)
2088, (3, 7, 12, 16, 18, 19)
2089, (3, 7, 12, 16, 18, 22)
2090, (3, 7, 12, 16, 19, 21)
2091, (3, 7, 12, 16, 20, 23)
2092, (3, 7, 12, 16, 21, 22)
2093, (3, 7, 12, 17, 18, 21)
2094, (3, 7, 12, 17, 19, 20)
2095, (3, 7, 12, 17, 20, 22)
2096, (3, 7, 12, 18, 19, 23)
2097, (3, 7, 12, 18, 22, 23)
2098, (3, 7, 12, 19, 21, 23)
2099, (3, 7, 12, 21, 22, 23)
2100, (3, 7, 13, 14, 15, 19)
2101, (3, 7, 13, 14, 15, 22)
2102, (3, 7, 13, 14, 16, 18)
2103, (3, 7, 13, 14, 16, 21)
2104, (3, 7, 13, 14, 17, 20)
2105, (3, 7, 13, 14, 18, 23)
2106, (3, 7, 13, 14, 19, 22)
2107, (3, 7, 13, 14, 21, 23)
2108, (3, 7, 13, 15, 16, 20)
2109, (3, 7, 13, 15, 18, 19)
2110, (3, 7, 13, 15, 18, 22)
2111, (3, 7, 13, 15, 19, 21)
2112, (3, 7, 13, 15, 20, 23)
2113, (3, 7, 13, 15, 21, 22)
2114, (3, 7, 13, 16, 18, 21)
2115, (3, 7, 13, 16, 19, 20)
2116, (3, 7, 13, 16, 20, 22)
2117, (3, 7, 13, 17, 18, 20)
2118, (3, 7, 13, 17, 20, 21)
2119, (3, 7, 13, 18, 19, 22)
2120, (3, 7, 13, 18, 21, 23)
2121, (3, 7, 13, 19, 20, 23)
2122, (3, 7, 13, 19, 21, 22)
2123, (3, 7, 13, 20, 22, 23)
2124, (3, 7, 14, 15, 18, 21)
2125, (3, 7, 14, 15, 19, 20)
2126, (3, 7, 14, 15, 20, 22)
2127, (3, 7, 14, 16, 18, 20)
2128, (3, 7, 14, 16, 20, 21)
2129, (3, 7, 14, 18, 19, 21)
2130, (3, 7, 14, 18, 20, 23)
2131, (3, 7, 14, 18, 21, 22)
2132, (3, 7, 14, 19, 20, 22)
2133, (3, 7, 14, 20, 21, 23)
2134, (3, 7, 15, 18, 19, 20)
2135, (3, 7, 15, 18, 20, 22)
2136, (3, 7, 15, 19, 20, 21)
2137, (3, 7, 15, 20, 21, 22)
2138, (3, 7, 16, 18, 20, 21)
2139, (3, 7, 18, 19, 20, 22)
2140, (3, 7, 18, 20, 21, 23)
2141, (3, 7, 19, 20, 21, 22)
2142, (3, 8, 12, 14, 16, 17)
2143, (3, 8, 12, 14, 17, 23)
2144, (3, 8, 12, 15, 16, 23)
2145, (3, 8, 12, 15, 17, 19)
2146, (3, 8, 12, 15, 17, 22)
2147, (3, 8, 12, 16, 17, 18)
2148, (3, 8, 12, 16, 17, 21)
2149, (3, 8, 12, 16, 19, 23)
2150, (3, 8, 12, 16, 22, 23)
2151, (3, 8, 12, 17, 18, 23)
2152, (3, 8, 12, 17, 19, 22)
2153, (3, 8, 12, 17, 21, 23)
2154, (3, 8, 13, 14, 15, 17)
2155, (3, 8, 13, 14, 16, 23)
2156, (3, 8, 13, 14, 17, 19)
2157, (3, 8, 13, 14, 17, 22)
2158, (3, 8, 13, 15, 16, 19)
2159, (3, 8, 13, 15, 16, 22)
2160, (3, 8, 13, 15, 17, 18)
2161, (3, 8, 13, 15, 17, 21)
2162, (3, 8, 13, 15, 19, 23)
2163, (3, 8, 13, 15, 22, 23)
2164, (3, 8, 13, 16, 17, 20)
2165, (3, 8, 13, 16, 18, 23)
2166, (3, 8, 13, 16, 19, 22)
2167, (3, 8, 13, 16, 21, 23)
2168, (3, 8, 13, 17, 18, 19)
2169, (3, 8, 13, 17, 18, 22)
2170, (3, 8, 13, 17, 19, 21)
2171, (3, 8, 13, 17, 20, 23)
2172, (3, 8, 13, 17, 21, 22)
2173, (3, 8, 13, 19, 22, 23)
2174, (3, 8, 14, 15, 16, 18)
2175, (3, 8, 14, 15, 16, 21)
2176, (3, 8, 14, 15, 17, 20)
2177, (3, 8, 14, 15, 18, 23)
2178, (3, 8, 14, 15, 19, 22)
2179, (3, 8, 14, 15, 21, 23)
2180, (3, 8, 14, 16, 18, 19)
2181, (3, 8, 14, 16, 18, 22)
2182, (3, 8, 14, 16, 19, 21)
2183, (3, 8, 14, 16, 20, 23)
2184, (3, 8, 14, 16, 21, 22)
2185, (3, 8, 14, 17, 18, 21)
2186, (3, 8, 14, 17, 19, 20)
2187, (3, 8, 14, 17, 20, 22)
2188, (3, 8, 14, 18, 19, 23)
2189, (3, 8, 14, 18, 22, 23)
2190, (3, 8, 14, 19, 21, 23)
2191, (3, 8, 14, 21, 22, 23)
2192, (3, 8, 15, 16, 18, 21)
2193, (3, 8, 15, 16, 19, 20)
2194, (3, 8, 15, 16, 20, 22)
2195, (3, 8, 15, 17, 18, 20)
2196, (3, 8, 15, 17, 20, 21)
2197, (3, 8, 15, 18, 19, 22)
2198, (3, 8, 15, 18, 21, 23)
2199, (3, 8, 15, 19, 20, 23)
2200, (3, 8, 15, 19, 21, 22)
2201, (3, 8, 15, 20, 22, 23)
2202, (3, 8, 16, 18, 19, 21)
2203, (3, 8, 16, 18, 20, 23)
2204, (3, 8, 16, 18, 21, 22)
2205, (3, 8, 16, 19, 20, 22)
2206, (3, 8, 16, 20, 21, 23)
2207, (3, 8, 17, 18, 19, 20)
2208, (3, 8, 17, 18, 20, 22)
2209, (3, 8, 17, 19, 20, 21)
2210, (3, 8, 17, 20, 21, 22)
2211, (3, 8, 18, 19, 21, 23)
2212, (3, 8, 18, 21, 22, 23)
2213, (3, 8, 19, 20, 22, 23)
2214, (3, 9, 12, 13, 16, 17)
2215, (3, 9, 12, 13, 17, 23)
2216, (3, 9, 12, 14, 15, 17)
2217, (3, 9, 12, 14, 16, 23)
2218, (3, 9, 12, 14, 17, 19)
2219, (3, 9, 12, 14, 17, 22)
2220, (3, 9, 12, 15, 16, 19)
2221, (3, 9, 12, 15, 16, 22)
2222, (3, 9, 12, 15, 17, 18)
2223, (3, 9, 12, 15, 17, 21)
2224, (3, 9, 12, 15, 19, 23)
2225, (3, 9, 12, 15, 22, 23)
2226, (3, 9, 12, 16, 17, 20)
2227, (3, 9, 12, 16, 18, 23)
2228, (3, 9, 12, 16, 19, 22)
2229, (3, 9, 12, 16, 21, 23)
2230, (3, 9, 12, 17, 18, 19)
2231, (3, 9, 12, 17, 18, 22)
2232, (3, 9, 12, 17, 19, 21)
2233, (3, 9, 12, 17, 20, 23)
2234, (3, 9, 12, 17, 21, 22)
2235, (3, 9, 12, 19, 22, 23)
2236, (3, 9, 13, 14, 15, 16)
2237, (3, 9, 13, 14, 15, 23)
2238, (3, 9, 13, 14, 16, 19)
2239, (3, 9, 13, 14, 16, 22)
2240, (3, 9, 13, 14, 17, 18)
2241, (3, 9, 13, 14, 17, 21)
2242, (3, 9, 13, 14, 19, 23)
2243, (3, 9, 13, 14, 22, 23)
2244, (3, 9, 13, 15, 16, 18)
2245, (3, 9, 13, 15, 16, 21)
2246, (3, 9, 13, 15, 17, 20)
2247, (3, 9, 13, 15, 18, 23)
2248, (3, 9, 13, 15, 19, 22)
2249, (3, 9, 13, 15, 21, 23)
2250, (3, 9, 13, 16, 18, 19)
2251, (3, 9, 13, 16, 18, 22)
2252, (3, 9, 13, 16, 19, 21)
2253, (3, 9, 13, 16, 20, 23)
2254, (3, 9, 13, 16, 21, 22)
2255, (3, 9, 13, 17, 18, 21)
2256, (3, 9, 13, 17, 19, 20)
2257, (3, 9, 13, 17, 20, 22)
2258, (3, 9, 13, 18, 19, 23)
2259, (3, 9, 13, 18, 22, 23)
2260, (3, 9, 13, 19, 21, 23)
2261, (3, 9, 13, 21, 22, 23)
2262, (3, 9, 14, 15, 16, 20)
2263, (3, 9, 14, 15, 18, 19)
2264, (3, 9, 14, 15, 18, 22)
2265, (3, 9, 14, 15, 19, 21)
2266, (3, 9, 14, 15, 20, 23)
2267, (3, 9, 14, 15, 21, 22)
2268, (3, 9, 14, 16, 18, 21)
2269, (3, 9, 14, 16, 19, 20)
2270, (3, 9, 14, 16, 20, 22)
2271, (3, 9, 14, 17, 18, 20)
2272, (3, 9, 14, 17, 20, 21)
2273, (3, 9, 14, 18, 19, 22)
2274, (3, 9, 14, 18, 21, 23)
2275, (3, 9, 14, 19, 20, 23)
2276, (3, 9, 14, 19, 21, 22)
2277, (3, 9, 14, 20, 22, 23)
2278, (3, 9, 15, 16, 18, 20)
2279, (3, 9, 15, 16, 20, 21)
2280, (3, 9, 15, 18, 19, 21)
2281, (3, 9, 15, 18, 20, 23)
2282, (3, 9, 15, 18, 21, 22)
2283, (3, 9, 15, 19, 20, 22)
2284, (3, 9, 15, 20, 21, 23)
2285, (3, 9, 16, 18, 19, 20)
2286, (3, 9, 16, 18, 20, 22)
2287, (3, 9, 16, 19, 20, 21)
2288, (3, 9, 16, 20, 21, 22)
2289, (3, 9, 17, 18, 20, 21)
2290, (3, 9, 18, 19, 20, 23)
2291, (3, 9, 18, 19, 21, 22)
2292, (3, 9, 18, 20, 22, 23)
2293, (3, 9, 19, 20, 21, 23)
2294, (3, 9, 20, 21, 22, 23)
2295, (3, 10, 12, 13, 15, 17)
2296, (3, 10, 12, 13, 16, 23)
2297, (3, 10, 12, 13, 17, 19)
2298, (3, 10, 12, 13, 17, 22)
2299, (3, 10, 12, 14, 15, 16)
2300, (3, 10, 12, 14, 15, 23)
2301, (3, 10, 12, 14, 16, 19)
2302, (3, 10, 12, 14, 16, 22)
2303, (3, 10, 12, 14, 17, 18)
2304, (3, 10, 12, 14, 17, 21)
2305, (3, 10, 12, 14, 19, 23)
2306, (3, 10, 12, 14, 22, 23)
2307, (3, 10, 12, 15, 16, 18)
2308, (3, 10, 12, 15, 16, 21)
2309, (3, 10, 12, 15, 17, 20)
2310, (3, 10, 12, 15, 18, 23)
2311, (3, 10, 12, 15, 19, 22)
2312, (3, 10, 12, 15, 21, 23)
2313, (3, 10, 12, 16, 18, 19)
2314, (3, 10, 12, 16, 18, 22)
2315, (3, 10, 12, 16, 19, 21)
2316, (3, 10, 12, 16, 20, 23)
2317, (3, 10, 12, 16, 21, 22)
2318, (3, 10, 12, 17, 18, 21)
2319, (3, 10, 12, 17, 19, 20)
2320, (3, 10, 12, 17, 20, 22)
2321, (3, 10, 12, 18, 19, 23)
2322, (3, 10, 12, 18, 22, 23)
2323, (3, 10, 12, 19, 21, 23)
2324, (3, 10, 12, 21, 22, 23)
2325, (3, 10, 13, 14, 15, 19)
2326, (3, 10, 13, 14, 15, 22)
2327, (3, 10, 13, 14, 16, 18)
2328, (3, 10, 13, 14, 16, 21)
2329, (3, 10, 13, 14, 17, 20)
2330, (3, 10, 13, 14, 18, 23)
2331, (3, 10, 13, 14, 19, 22)
2332, (3, 10, 13, 14, 21, 23)
2333, (3, 10, 13, 15, 16, 20)
2334, (3, 10, 13, 15, 18, 19)
2335, (3, 10, 13, 15, 18, 22)
2336, (3, 10, 13, 15, 19, 21)
2337, (3, 10, 13, 15, 20, 23)
2338, (3, 10, 13, 15, 21, 22)
2339, (3, 10, 13, 16, 18, 21)
2340, (3, 10, 13, 16, 19, 20)
2341, (3, 10, 13, 16, 20, 22)
2342, (3, 10, 13, 17, 18, 20)
2343, (3, 10, 13, 17, 20, 21)
2344, (3, 10, 13, 18, 19, 22)
2345, (3, 10, 13, 18, 21, 23)
2346, (3, 10, 13, 19, 20, 23)
2347, (3, 10, 13, 19, 21, 22)
2348, (3, 10, 13, 20, 22, 23)
2349, (3, 10, 14, 15, 18, 21)
2350, (3, 10, 14, 15, 19, 20)
2351, (3, 10, 14, 15, 20, 22)
2352, (3, 10, 14, 16, 18, 20)
2353, (3, 10, 14, 16, 20, 21)
2354, (3, 10, 14, 18, 19, 21)
2355, (3, 10, 14, 18, 20, 23)
2356, (3, 10, 14, 18, 21, 22)
2357, (3, 10, 14, 19, 20, 22)
2358, (3, 10, 14, 20, 21, 23)
2359, (3, 10, 15, 18, 19, 20)
2360, (3, 10, 15, 18, 20, 22)
2361, (3, 10, 15, 19, 20, 21)
2362, (3, 10, 15, 20, 21, 22)
2363, (3, 10, 16, 18, 20, 21)
2364, (3, 10, 18, 19, 20, 22)
2365, (3, 10, 18, 20, 21, 23)
2366, (3, 10, 19, 20, 21, 22)
2367, (3, 11, 12, 13, 14, 17)
2368, (3, 11, 12, 13, 15, 16)
2369, (3, 11, 12, 13, 15, 23)
2370, (3, 11, 12, 13, 16, 19)
2371, (3, 11, 12, 13, 16, 22)
2372, (3, 11, 12, 13, 17, 18)
2373, (3, 11, 12, 13, 17, 21)
2374, (3, 11, 12, 13, 19, 23)
2375, (3, 11, 12, 13, 22, 23)
2376, (3, 11, 12, 14, 15, 19)
2377, (3, 11, 12, 14, 15, 22)
2378, (3, 11, 12, 14, 16, 18)
2379, (3, 11, 12, 14, 16, 21)
2380, (3, 11, 12, 14, 17, 20)
2381, (3, 11, 12, 14, 18, 23)
2382, (3, 11, 12, 14, 19, 22)
2383, (3, 11, 12, 14, 21, 23)
2384, (3, 11, 12, 15, 16, 20)
2385, (3, 11, 12, 15, 18, 19)
2386, (3, 11, 12, 15, 18, 22)
2387, (3, 11, 12, 15, 19, 21)
2388, (3, 11, 12, 15, 20, 23)
2389, (3, 11, 12, 15, 21, 22)
2390, (3, 11, 12, 16, 18, 21)
2391, (3, 11, 12, 16, 19, 20)
2392, (3, 11, 12, 16, 20, 22)
2393, (3, 11, 12, 17, 18, 20)
2394, (3, 11, 12, 17, 20, 21)
2395, (3, 11, 12, 18, 19, 22)
2396, (3, 11, 12, 18, 21, 23)
2397, (3, 11, 12, 19, 20, 23)
2398, (3, 11, 12, 19, 21, 22)
2399, (3, 11, 12, 20, 22, 23)
2400, (3, 11, 13, 14, 15, 18)
2401, (3, 11, 13, 14, 15, 21)
2402, (3, 11, 13, 14, 16, 20)
2403, (3, 11, 13, 14, 18, 19)
2404, (3, 11, 13, 14, 18, 22)
2405, (3, 11, 13, 14, 19, 21)
2406, (3, 11, 13, 14, 20, 23)
2407, (3, 11, 13, 14, 21, 22)
2408, (3, 11, 13, 15, 18, 21)
2409, (3, 11, 13, 15, 19, 20)
2410, (3, 11, 13, 15, 20, 22)
2411, (3, 11, 13, 16, 18, 20)
2412, (3, 11, 13, 16, 20, 21)
2413, (3, 11, 13, 18, 19, 21)
2414, (3, 11, 13, 18, 20, 23)
2415, (3, 11, 13, 18, 21, 22)
2416, (3, 11, 13, 19, 20, 22)
2417, (3, 11, 13, 20, 21, 23)
2418, (3, 11, 14, 15, 18, 20)
2419, (3, 11, 14, 15, 20, 21)
2420, (3, 11, 14, 18, 19, 20)
2421, (3, 11, 14, 18, 20, 22)
2422, (3, 11, 14, 19, 20, 21)
2423, (3, 11, 14, 20, 21, 22)
2424, (3, 11, 15, 18, 20, 21)
2425, (3, 11, 18, 19, 20, 21)
2426, (3, 11, 18, 20, 21, 22)
2427, (4, 5, 12, 13, 14, 15)
2428, (4, 5, 12, 13, 14, 19)
2429, (4, 5, 12, 13, 14, 22)
2430, (4, 5, 12, 13, 15, 18)
2431, (4, 5, 12, 13, 15, 21)
2432, (4, 5, 12, 13, 16, 20)
2433, (4, 5, 12, 13, 18, 19)
2434, (4, 5, 12, 13, 18, 22)
2435, (4, 5, 12, 13, 19, 21)
2436, (4, 5, 12, 13, 20, 23)
2437, (4, 5, 12, 13, 21, 22)
2438, (4, 5, 12, 14, 15, 20)
2439, (4, 5, 12, 14, 18, 21)
2440, (4, 5, 12, 14, 19, 20)
2441, (4, 5, 12, 14, 20, 22)
2442, (4, 5, 12, 15, 18, 20)
2443, (4, 5, 12, 15, 20, 21)
2444, (4, 5, 12, 18, 19, 20)
2445, (4, 5, 12, 18, 20, 22)
2446, (4, 5, 12, 19, 20, 21)
2447, (4, 5, 12, 20, 21, 22)
2448, (4, 5, 13, 14, 18, 20)
2449, (4, 5, 13, 14, 20, 21)
2450, (4, 5, 13, 18, 20, 21)
2451, (4, 6, 12, 13, 15, 17)
2452, (4, 6, 12, 13, 16, 23)
2453, (4, 6, 12, 13, 17, 19)
2454, (4, 6, 12, 13, 17, 22)
2455, (4, 6, 12, 14, 15, 16)
2456, (4, 6, 12, 14, 15, 23)
2457, (4, 6, 12, 14, 16, 19)
2458, (4, 6, 12, 14, 16, 22)
2459, (4, 6, 12, 14, 17, 18)
2460, (4, 6, 12, 14, 17, 21)
2461, (4, 6, 12, 14, 19, 23)
2462, (4, 6, 12, 14, 22, 23)
2463, (4, 6, 12, 15, 16, 18)
2464, (4, 6, 12, 15, 16, 21)
2465, (4, 6, 12, 15, 17, 20)
2466, (4, 6, 12, 15, 18, 23)
2467, (4, 6, 12, 15, 19, 22)
2468, (4, 6, 12, 15, 21, 23)
2469, (4, 6, 12, 16, 18, 19)
2470, (4, 6, 12, 16, 18, 22)
2471, (4, 6, 12, 16, 19, 21)
2472, (4, 6, 12, 16, 20, 23)
2473, (4, 6, 12, 16, 21, 22)
2474, (4, 6, 12, 17, 18, 21)
2475, (4, 6, 12, 17, 19, 20)
2476, (4, 6, 12, 17, 20, 22)
2477, (4, 6, 12, 18, 19, 23)
2478, (4, 6, 12, 18, 22, 23)
2479, (4, 6, 12, 19, 21, 23)
2480, (4, 6, 12, 21, 22, 23)
2481, (4, 6, 13, 14, 15, 19)
2482, (4, 6, 13, 14, 15, 22)
2483, (4, 6, 13, 14, 16, 18)
2484, (4, 6, 13, 14, 16, 21)
2485, (4, 6, 13, 14, 17, 20)
2486, (4, 6, 13, 14, 18, 23)
2487, (4, 6, 13, 14, 19, 22)
2488, (4, 6, 13, 14, 21, 23)
2489, (4, 6, 13, 15, 16, 20)
2490, (4, 6, 13, 15, 18, 19)
2491, (4, 6, 13, 15, 18, 22)
2492, (4, 6, 13, 15, 19, 21)
2493, (4, 6, 13, 15, 20, 23)
2494, (4, 6, 13, 15, 21, 22)
2495, (4, 6, 13, 16, 18, 21)
2496, (4, 6, 13, 16, 19, 20)
2497, (4, 6, 13, 16, 20, 22)
2498, (4, 6, 13, 17, 18, 20)
2499, (4, 6, 13, 17, 20, 21)
2500, (4, 6, 13, 18, 19, 22)
2501, (4, 6, 13, 18, 21, 23)
2502, (4, 6, 13, 19, 20, 23)
2503, (4, 6, 13, 19, 21, 22)
2504, (4, 6, 13, 20, 22, 23)
2505, (4, 6, 14, 15, 18, 21)
2506, (4, 6, 14, 15, 19, 20)
2507, (4, 6, 14, 15, 20, 22)
2508, (4, 6, 14, 16, 18, 20)
2509, (4, 6, 14, 16, 20, 21)
2510, (4, 6, 14, 18, 19, 21)
2511, (4, 6, 14, 18, 20, 23)
2512, (4, 6, 14, 18, 21, 22)
2513, (4, 6, 14, 19, 20, 22)
2514, (4, 6, 14, 20, 21, 23)
2515, (4, 6, 15, 18, 19, 20)
2516, (4, 6, 15, 18, 20, 22)
2517, (4, 6, 15, 19, 20, 21)
2518, (4, 6, 15, 20, 21, 22)
2519, (4, 6, 16, 18, 20, 21)
2520, (4, 6, 18, 19, 20, 22)
2521, (4, 6, 18, 20, 21, 23)
2522, (4, 6, 19, 20, 21, 22)
2523, (4, 7, 12, 13, 14, 17)
2524, (4, 7, 12, 13, 15, 16)
2525, (4, 7, 12, 13, 15, 23)
2526, (4, 7, 12, 13, 16, 19)
2527, (4, 7, 12, 13, 16, 22)
2528, (4, 7, 12, 13, 17, 18)
2529, (4, 7, 12, 13, 17, 21)
2530, (4, 7, 12, 13, 19, 23)
2531, (4, 7, 12, 13, 22, 23)
2532, (4, 7, 12, 14, 15, 19)
2533, (4, 7, 12, 14, 15, 22)
2534, (4, 7, 12, 14, 16, 18)
2535, (4, 7, 12, 14, 16, 21)
2536, (4, 7, 12, 14, 17, 20)
2537, (4, 7, 12, 14, 18, 23)
2538, (4, 7, 12, 14, 19, 22)
2539, (4, 7, 12, 14, 21, 23)
2540, (4, 7, 12, 15, 16, 20)
2541, (4, 7, 12, 15, 18, 19)
2542, (4, 7, 12, 15, 18, 22)
2543, (4, 7, 12, 15, 19, 21)
2544, (4, 7, 12, 15, 20, 23)
2545, (4, 7, 12, 15, 21, 22)
2546, (4, 7, 12, 16, 18, 21)
2547, (4, 7, 12, 16, 19, 20)
2548, (4, 7, 12, 16, 20, 22)
2549, (4, 7, 12, 17, 18, 20)
2550, (4, 7, 12, 17, 20, 21)
2551, (4, 7, 12, 18, 19, 22)
2552, (4, 7, 12, 18, 21, 23)
2553, (4, 7, 12, 19, 20, 23)
2554, (4, 7, 12, 19, 21, 22)
2555, (4, 7, 12, 20, 22, 23)
2556, (4, 7, 13, 14, 15, 18)
2557, (4, 7, 13, 14, 15, 21)
2558, (4, 7, 13, 14, 16, 20)
2559, (4, 7, 13, 14, 18, 19)
2560, (4, 7, 13, 14, 18, 22)
2561, (4, 7, 13, 14, 19, 21)
2562, (4, 7, 13, 14, 20, 23)
2563, (4, 7, 13, 14, 21, 22)
2564, (4, 7, 13, 15, 18, 21)
2565, (4, 7, 13, 15, 19, 20)
2566, (4, 7, 13, 15, 20, 22)
2567, (4, 7, 13, 16, 18, 20)
2568, (4, 7, 13, 16, 20, 21)
2569, (4, 7, 13, 18, 19, 21)
2570, (4, 7, 13, 18, 20, 23)
2571, (4, 7, 13, 18, 21, 22)
2572, (4, 7, 13, 19, 20, 22)
2573, (4, 7, 13, 20, 21, 23)
2574, (4, 7, 14, 15, 18, 20)
2575, (4, 7, 14, 15, 20, 21)
2576, (4, 7, 14, 18, 19, 20)
2577, (4, 7, 14, 18, 20, 22)
2578, (4, 7, 14, 19, 20, 21)
2579, (4, 7, 14, 20, 21, 22)
2580, (4, 7, 15, 18, 20, 21)
2581, (4, 7, 18, 19, 20, 21)
2582, (4, 7, 18, 20, 21, 22)
2583, (4, 8, 12, 13, 16, 17)
2584, (4, 8, 12, 13, 17, 23)
2585, (4, 8, 12, 14, 15, 17)
2586, (4, 8, 12, 14, 16, 23)
2587, (4, 8, 12, 14, 17, 19)
2588, (4, 8, 12, 14, 17, 22)
2589, (4, 8, 12, 15, 16, 19)
2590, (4, 8, 12, 15, 16, 22)
2591, (4, 8, 12, 15, 17, 18)
2592, (4, 8, 12, 15, 17, 21)
2593, (4, 8, 12, 15, 19, 23)
2594, (4, 8, 12, 15, 22, 23)
2595, (4, 8, 12, 16, 17, 20)
2596, (4, 8, 12, 16, 18, 23)
2597, (4, 8, 12, 16, 19, 22)
2598, (4, 8, 12, 16, 21, 23)
2599, (4, 8, 12, 17, 18, 19)
2600, (4, 8, 12, 17, 18, 22)
2601, (4, 8, 12, 17, 19, 21)
2602, (4, 8, 12, 17, 20, 23)
2603, (4, 8, 12, 17, 21, 22)
2604, (4, 8, 12, 19, 22, 23)
2605, (4, 8, 13, 14, 15, 16)
2606, (4, 8, 13, 14, 15, 23)
2607, (4, 8, 13, 14, 16, 19)
2608, (4, 8, 13, 14, 16, 22)
2609, (4, 8, 13, 14, 17, 18)
2610, (4, 8, 13, 14, 17, 21)
2611, (4, 8, 13, 14, 19, 23)
2612, (4, 8, 13, 14, 22, 23)
2613, (4, 8, 13, 15, 16, 18)
2614, (4, 8, 13, 15, 16, 21)
2615, (4, 8, 13, 15, 17, 20)
2616, (4, 8, 13, 15, 18, 23)
2617, (4, 8, 13, 15, 19, 22)
2618, (4, 8, 13, 15, 21, 23)
2619, (4, 8, 13, 16, 18, 19)
2620, (4, 8, 13, 16, 18, 22)
2621, (4, 8, 13, 16, 19, 21)
2622, (4, 8, 13, 16, 20, 23)
2623, (4, 8, 13, 16, 21, 22)
2624, (4, 8, 13, 17, 18, 21)
2625, (4, 8, 13, 17, 19, 20)
2626, (4, 8, 13, 17, 20, 22)
2627, (4, 8, 13, 18, 19, 23)
2628, (4, 8, 13, 18, 22, 23)
2629, (4, 8, 13, 19, 21, 23)
2630, (4, 8, 13, 21, 22, 23)
2631, (4, 8, 14, 15, 16, 20)
2632, (4, 8, 14, 15, 18, 19)
2633, (4, 8, 14, 15, 18, 22)
2634, (4, 8, 14, 15, 19, 21)
2635, (4, 8, 14, 15, 20, 23)
2636, (4, 8, 14, 15, 21, 22)
2637, (4, 8, 14, 16, 18, 21)
2638, (4, 8, 14, 16, 19, 20)
2639, (4, 8, 14, 16, 20, 22)
2640, (4, 8, 14, 17, 18, 20)
2641, (4, 8, 14, 17, 20, 21)
2642, (4, 8, 14, 18, 19, 22)
2643, (4, 8, 14, 18, 21, 23)
2644, (4, 8, 14, 19, 20, 23)
2645, (4, 8, 14, 19, 21, 22)
2646, (4, 8, 14, 20, 22, 23)
2647, (4, 8, 15, 16, 18, 20)
2648, (4, 8, 15, 16, 20, 21)
2649, (4, 8, 15, 18, 19, 21)
2650, (4, 8, 15, 18, 20, 23)
2651, (4, 8, 15, 18, 21, 22)
2652, (4, 8, 15, 19, 20, 22)
2653, (4, 8, 15, 20, 21, 23)
2654, (4, 8, 16, 18, 19, 20)
2655, (4, 8, 16, 18, 20, 22)
2656, (4, 8, 16, 19, 20, 21)
2657, (4, 8, 16, 20, 21, 22)
2658, (4, 8, 17, 18, 20, 21)
2659, (4, 8, 18, 19, 20, 23)
2660, (4, 8, 18, 19, 21, 22)
2661, (4, 8, 18, 20, 22, 23)
2662, (4, 8, 19, 20, 21, 23)
2663, (4, 8, 20, 21, 22, 23)
2664, (4, 9, 12, 13, 15, 17)
2665, (4, 9, 12, 13, 16, 23)
2666, (4, 9, 12, 13, 17, 19)
2667, (4, 9, 12, 13, 17, 22)
2668, (4, 9, 12, 14, 15, 16)
2669, (4, 9, 12, 14, 15, 23)
2670, (4, 9, 12, 14, 16, 19)
2671, (4, 9, 12, 14, 16, 22)
2672, (4, 9, 12, 14, 17, 18)
2673, (4, 9, 12, 14, 17, 21)
2674, (4, 9, 12, 14, 19, 23)
2675, (4, 9, 12, 14, 22, 23)
2676, (4, 9, 12, 15, 16, 18)
2677, (4, 9, 12, 15, 16, 21)
2678, (4, 9, 12, 15, 17, 20)
2679, (4, 9, 12, 15, 18, 23)
2680, (4, 9, 12, 15, 19, 22)
2681, (4, 9, 12, 15, 21, 23)
2682, (4, 9, 12, 16, 18, 19)
2683, (4, 9, 12, 16, 18, 22)
2684, (4, 9, 12, 16, 19, 21)
2685, (4, 9, 12, 16, 20, 23)
2686, (4, 9, 12, 16, 21, 22)
2687, (4, 9, 12, 17, 18, 21)
2688, (4, 9, 12, 17, 19, 20)
2689, (4, 9, 12, 17, 20, 22)
2690, (4, 9, 12, 18, 19, 23)
2691, (4, 9, 12, 18, 22, 23)
2692, (4, 9, 12, 19, 21, 23)
2693, (4, 9, 12, 21, 22, 23)
2694, (4, 9, 13, 14, 15, 19)
2695, (4, 9, 13, 14, 15, 22)
2696, (4, 9, 13, 14, 16, 18)
2697, (4, 9, 13, 14, 16, 21)
2698, (4, 9, 13, 14, 17, 20)
2699, (4, 9, 13, 14, 18, 23)
2700, (4, 9, 13, 14, 19, 22)
2701, (4, 9, 13, 14, 21, 23)
2702, (4, 9, 13, 15, 16, 20)
2703, (4, 9, 13, 15, 18, 19)
2704, (4, 9, 13, 15, 18, 22)
2705, (4, 9, 13, 15, 19, 21)
2706, (4, 9, 13, 15, 20, 23)
2707, (4, 9, 13, 15, 21, 22)
2708, (4, 9, 13, 16, 18, 21)
2709, (4, 9, 13, 16, 19, 20)
2710, (4, 9, 13, 16, 20, 22)
2711, (4, 9, 13, 17, 18, 20)
2712, (4, 9, 13, 17, 20, 21)
2713, (4, 9, 13, 18, 19, 22)
2714, (4, 9, 13, 18, 21, 23)
2715, (4, 9, 13, 19, 20, 23)
2716, (4, 9, 13, 19, 21, 22)
2717, (4, 9, 13, 20, 22, 23)
2718, (4, 9, 14, 15, 18, 21)
2719, (4, 9, 14, 15, 19, 20)
2720, (4, 9, 14, 15, 20, 22)
2721, (4, 9, 14, 16, 18, 20)
2722, (4, 9, 14, 16, 20, 21)
2723, (4, 9, 14, 18, 19, 21)
2724, (4, 9, 14, 18, 20, 23)
2725, (4, 9, 14, 18, 21, 22)
2726, (4, 9, 14, 19, 20, 22)
2727, (4, 9, 14, 20, 21, 23)
2728, (4, 9, 15, 18, 19, 20)
2729, (4, 9, 15, 18, 20, 22)
2730, (4, 9, 15, 19, 20, 21)
2731, (4, 9, 15, 20, 21, 22)
2732, (4, 9, 16, 18, 20, 21)
2733, (4, 9, 18, 19, 20, 22)
2734, (4, 9, 18, 20, 21, 23)
2735, (4, 9, 19, 20, 21, 22)
2736, (4, 10, 12, 13, 14, 17)
2737, (4, 10, 12, 13, 15, 16)
2738, (4, 10, 12, 13, 15, 23)
2739, (4, 10, 12, 13, 16, 19)
2740, (4, 10, 12, 13, 16, 22)
2741, (4, 10, 12, 13, 17, 18)
2742, (4, 10, 12, 13, 17, 21)
2743, (4, 10, 12, 13, 19, 23)
2744, (4, 10, 12, 13, 22, 23)
2745, (4, 10, 12, 14, 15, 19)
2746, (4, 10, 12, 14, 15, 22)
2747, (4, 10, 12, 14, 16, 18)
2748, (4, 10, 12, 14, 16, 21)
2749, (4, 10, 12, 14, 17, 20)
2750, (4, 10, 12, 14, 18, 23)
2751, (4, 10, 12, 14, 19, 22)
2752, (4, 10, 12, 14, 21, 23)
2753, (4, 10, 12, 15, 16, 20)
2754, (4, 10, 12, 15, 18, 19)
2755, (4, 10, 12, 15, 18, 22)
2756, (4, 10, 12, 15, 19, 21)
2757, (4, 10, 12, 15, 20, 23)
2758, (4, 10, 12, 15, 21, 22)
2759, (4, 10, 12, 16, 18, 21)
2760, (4, 10, 12, 16, 19, 20)
2761, (4, 10, 12, 16, 20, 22)
2762, (4, 10, 12, 17, 18, 20)
2763, (4, 10, 12, 17, 20, 21)
2764, (4, 10, 12, 18, 19, 22)
2765, (4, 10, 12, 18, 21, 23)
2766, (4, 10, 12, 19, 20, 23)
2767, (4, 10, 12, 19, 21, 22)
2768, (4, 10, 12, 20, 22, 23)
2769, (4, 10, 13, 14, 15, 18)
2770, (4, 10, 13, 14, 15, 21)
2771, (4, 10, 13, 14, 16, 20)
2772, (4, 10, 13, 14, 18, 19)
2773, (4, 10, 13, 14, 18, 22)
2774, (4, 10, 13, 14, 19, 21)
2775, (4, 10, 13, 14, 20, 23)
2776, (4, 10, 13, 14, 21, 22)
2777, (4, 10, 13, 15, 18, 21)
2778, (4, 10, 13, 15, 19, 20)
2779, (4, 10, 13, 15, 20, 22)
2780, (4, 10, 13, 16, 18, 20)
2781, (4, 10, 13, 16, 20, 21)
2782, (4, 10, 13, 18, 19, 21)
2783, (4, 10, 13, 18, 20, 23)
2784, (4, 10, 13, 18, 21, 22)
2785, (4, 10, 13, 19, 20, 22)
2786, (4, 10, 13, 20, 21, 23)
2787, (4, 10, 14, 15, 18, 20)
2788, (4, 10, 14, 15, 20, 21)
2789, (4, 10, 14, 18, 19, 20)
2790, (4, 10, 14, 18, 20, 22)
2791, (4, 10, 14, 19, 20, 21)
2792, (4, 10, 14, 20, 21, 22)
2793, (4, 10, 15, 18, 20, 21)
2794, (4, 10, 18, 19, 20, 21)
2795, (4, 10, 18, 20, 21, 22)
2796, (4, 11, 12, 13, 14, 16)
2797, (4, 11, 12, 13, 14, 23)
2798, (4, 11, 12, 13, 15, 19)
2799, (4, 11, 12, 13, 15, 22)
2800, (4, 11, 12, 13, 16, 18)
2801, (4, 11, 12, 13, 16, 21)
2802, (4, 11, 12, 13, 17, 20)
2803, (4, 11, 12, 13, 18, 23)
2804, (4, 11, 12, 13, 19, 22)
2805, (4, 11, 12, 13, 21, 23)
2806, (4, 11, 12, 14, 15, 18)
2807, (4, 11, 12, 14, 15, 21)
2808, (4, 11, 12, 14, 16, 20)
2809, (4, 11, 12, 14, 18, 19)
2810, (4, 11, 12, 14, 18, 22)
2811, (4, 11, 12, 14, 19, 21)
2812, (4, 11, 12, 14, 20, 23)
2813, (4, 11, 12, 14, 21, 22)
2814, (4, 11, 12, 15, 18, 21)
2815, (4, 11, 12, 15, 19, 20)
2816, (4, 11, 12, 15, 20, 22)
2817, (4, 11, 12, 16, 18, 20)
2818, (4, 11, 12, 16, 20, 21)
2819, (4, 11, 12, 18, 19, 21)
2820, (4, 11, 12, 18, 20, 23)
2821, (4, 11, 12, 18, 21, 22)
2822, (4, 11, 12, 19, 20, 22)
2823, (4, 11, 12, 20, 21, 23)
2824, (4, 11, 13, 14, 15, 20)
2825, (4, 11, 13, 14, 18, 21)
2826, (4, 11, 13, 14, 19, 20)
2827, (4, 11, 13, 14, 20, 22)
2828, (4, 11, 13, 15, 18, 20)
2829, (4, 11, 13, 15, 20, 21)
2830, (4, 11, 13, 18, 19, 20)
2831, (4, 11, 13, 18, 20, 22)
2832, (4, 11, 13, 19, 20, 21)
2833, (4, 11, 13, 20, 21, 22)
2834, (4, 11, 14, 18, 20, 21)
2835, (5, 6, 12, 13, 14, 17)
2836, (5, 6, 12, 13, 15, 16)
2837, (5, 6, 12, 13, 15, 23)
2838, (5, 6, 12, 13, 16, 19)
2839, (5, 6, 12, 13, 16, 22)
2840, (5, 6, 12, 13, 17, 18)
2841, (5, 6, 12, 13, 17, 21)
2842, (5, 6, 12, 13, 19, 23)
2843, (5, 6, 12, 13, 22, 23)
2844, (5, 6, 12, 14, 15, 19)
2845, (5, 6, 12, 14, 15, 22)
2846, (5, 6, 12, 14, 16, 18)
2847, (5, 6, 12, 14, 16, 21)
2848, (5, 6, 12, 14, 17, 20)
2849, (5, 6, 12, 14, 18, 23)
2850, (5, 6, 12, 14, 19, 22)
2851, (5, 6, 12, 14, 21, 23)
2852, (5, 6, 12, 15, 16, 20)
2853, (5, 6, 12, 15, 18, 19)
2854, (5, 6, 12, 15, 18, 22)
2855, (5, 6, 12, 15, 19, 21)
2856, (5, 6, 12, 15, 20, 23)
2857, (5, 6, 12, 15, 21, 22)
2858, (5, 6, 12, 16, 18, 21)
2859, (5, 6, 12, 16, 19, 20)
2860, (5, 6, 12, 16, 20, 22)
2861, (5, 6, 12, 17, 18, 20)
2862, (5, 6, 12, 17, 20, 21)
2863, (5, 6, 12, 18, 19, 22)
2864, (5, 6, 12, 18, 21, 23)
2865, (5, 6, 12, 19, 20, 23)
2866, (5, 6, 12, 19, 21, 22)
2867, (5, 6, 12, 20, 22, 23)
2868, (5, 6, 13, 14, 15, 18)
2869, (5, 6, 13, 14, 15, 21)
2870, (5, 6, 13, 14, 16, 20)
2871, (5, 6, 13, 14, 18, 19)
2872, (5, 6, 13, 14, 18, 22)
2873, (5, 6, 13, 14, 19, 21)
2874, (5, 6, 13, 14, 20, 23)
2875, (5, 6, 13, 14, 21, 22)
2876, (5, 6, 13, 15, 18, 21)
2877, (5, 6, 13, 15, 19, 20)
2878, (5, 6, 13, 15, 20, 22)
2879, (5, 6, 13, 16, 18, 20)
2880, (5, 6, 13, 16, 20, 21)
2881, (5, 6, 13, 18, 19, 21)
2882, (5, 6, 13, 18, 20, 23)
2883, (5, 6, 13, 18, 21, 22)
2884, (5, 6, 13, 19, 20, 22)
2885, (5, 6, 13, 20, 21, 23)
2886, (5, 6, 14, 15, 18, 20)
2887, (5, 6, 14, 15, 20, 21)
2888, (5, 6, 14, 18, 19, 20)
2889, (5, 6, 14, 18, 20, 22)
2890, (5, 6, 14, 19, 20, 21)
2891, (5, 6, 14, 20, 21, 22)
2892, (5, 6, 15, 18, 20, 21)
2893, (5, 6, 18, 19, 20, 21)
2894, (5, 6, 18, 20, 21, 22)
2895, (5, 7, 12, 13, 14, 16)
2896, (5, 7, 12, 13, 14, 23)
2897, (5, 7, 12, 13, 15, 19)
2898, (5, 7, 12, 13, 15, 22)
2899, (5, 7, 12, 13, 16, 18)
2900, (5, 7, 12, 13, 16, 21)
2901, (5, 7, 12, 13, 17, 20)
2902, (5, 7, 12, 13, 18, 23)
2903, (5, 7, 12, 13, 19, 22)
2904, (5, 7, 12, 13, 21, 23)
2905, (5, 7, 12, 14, 15, 18)
2906, (5, 7, 12, 14, 15, 21)
2907, (5, 7, 12, 14, 16, 20)
2908, (5, 7, 12, 14, 18, 19)
2909, (5, 7, 12, 14, 18, 22)
2910, (5, 7, 12, 14, 19, 21)
2911, (5, 7, 12, 14, 20, 23)
2912, (5, 7, 12, 14, 21, 22)
2913, (5, 7, 12, 15, 18, 21)
2914, (5, 7, 12, 15, 19, 20)
2915, (5, 7, 12, 15, 20, 22)
2916, (5, 7, 12, 16, 18, 20)
2917, (5, 7, 12, 16, 20, 21)
2918, (5, 7, 12, 18, 19, 21)
2919, (5, 7, 12, 18, 20, 23)
2920, (5, 7, 12, 18, 21, 22)
2921, (5, 7, 12, 19, 20, 22)
2922, (5, 7, 12, 20, 21, 23)
2923, (5, 7, 13, 14, 15, 20)
2924, (5, 7, 13, 14, 18, 21)
2925, (5, 7, 13, 14, 19, 20)
2926, (5, 7, 13, 14, 20, 22)
2927, (5, 7, 13, 15, 18, 20)
2928, (5, 7, 13, 15, 20, 21)
2929, (5, 7, 13, 18, 19, 20)
2930, (5, 7, 13, 18, 20, 22)
2931, (5, 7, 13, 19, 20, 21)
2932, (5, 7, 13, 20, 21, 22)
2933, (5, 7, 14, 18, 20, 21)
2934, (5, 8, 12, 13, 15, 17)
2935, (5, 8, 12, 13, 16, 23)
2936, (5, 8, 12, 13, 17, 19)
2937, (5, 8, 12, 13, 17, 22)
2938, (5, 8, 12, 14, 15, 16)
2939, (5, 8, 12, 14, 15, 23)
2940, (5, 8, 12, 14, 16, 19)
2941, (5, 8, 12, 14, 16, 22)
2942, (5, 8, 12, 14, 17, 18)
2943, (5, 8, 12, 14, 17, 21)
2944, (5, 8, 12, 14, 19, 23)
2945, (5, 8, 12, 14, 22, 23)
2946, (5, 8, 12, 15, 16, 18)
2947, (5, 8, 12, 15, 16, 21)
2948, (5, 8, 12, 15, 17, 20)
2949, (5, 8, 12, 15, 18, 23)
2950, (5, 8, 12, 15, 19, 22)
2951, (5, 8, 12, 15, 21, 23)
2952, (5, 8, 12, 16, 18, 19)
2953, (5, 8, 12, 16, 18, 22)
2954, (5, 8, 12, 16, 19, 21)
2955, (5, 8, 12, 16, 20, 23)
2956, (5, 8, 12, 16, 21, 22)
2957, (5, 8, 12, 17, 18, 21)
2958, (5, 8, 12, 17, 19, 20)
2959, (5, 8, 12, 17, 20, 22)
2960, (5, 8, 12, 18, 19, 23)
2961, (5, 8, 12, 18, 22, 23)
2962, (5, 8, 12, 19, 21, 23)
2963, (5, 8, 12, 21, 22, 23)
2964, (5, 8, 13, 14, 15, 19)
2965, (5, 8, 13, 14, 15, 22)
2966, (5, 8, 13, 14, 16, 18)
2967, (5, 8, 13, 14, 16, 21)
2968, (5, 8, 13, 14, 17, 20)
2969, (5, 8, 13, 14, 18, 23)
2970, (5, 8, 13, 14, 19, 22)
2971, (5, 8, 13, 14, 21, 23)
2972, (5, 8, 13, 15, 16, 20)
2973, (5, 8, 13, 15, 18, 19)
2974, (5, 8, 13, 15, 18, 22)
2975, (5, 8, 13, 15, 19, 21)
2976, (5, 8, 13, 15, 20, 23)
2977, (5, 8, 13, 15, 21, 22)
2978, (5, 8, 13, 16, 18, 21)
2979, (5, 8, 13, 16, 19, 20)
2980, (5, 8, 13, 16, 20, 22)
2981, (5, 8, 13, 17, 18, 20)
2982, (5, 8, 13, 17, 20, 21)
2983, (5, 8, 13, 18, 19, 22)
2984, (5, 8, 13, 18, 21, 23)
2985, (5, 8, 13, 19, 20, 23)
2986, (5, 8, 13, 19, 21, 22)
2987, (5, 8, 13, 20, 22, 23)
2988, (5, 8, 14, 15, 18, 21)
2989, (5, 8, 14, 15, 19, 20)
2990, (5, 8, 14, 15, 20, 22)
2991, (5, 8, 14, 16, 18, 20)
2992, (5, 8, 14, 16, 20, 21)
2993, (5, 8, 14, 18, 19, 21)
2994, (5, 8, 14, 18, 20, 23)
2995, (5, 8, 14, 18, 21, 22)
2996, (5, 8, 14, 19, 20, 22)
2997, (5, 8, 14, 20, 21, 23)
2998, (5, 8, 15, 18, 19, 20)
2999, (5, 8, 15, 18, 20, 22)
3000, (5, 8, 15, 19, 20, 21)
3001, (5, 8, 15, 20, 21, 22)
3002, (5, 8, 16, 18, 20, 21)
3003, (5, 8, 18, 19, 20, 22)
3004, (5, 8, 18, 20, 21, 23)
3005, (5, 8, 19, 20, 21, 22)
3006, (5, 9, 12, 13, 14, 17)
3007, (5, 9, 12, 13, 15, 16)
3008, (5, 9, 12, 13, 15, 23)
3009, (5, 9, 12, 13, 16, 19)
3010, (5, 9, 12, 13, 16, 22)
3011, (5, 9, 12, 13, 17, 18)
3012, (5, 9, 12, 13, 17, 21)
3013, (5, 9, 12, 13, 19, 23)
3014, (5, 9, 12, 13, 22, 23)
3015, (5, 9, 12, 14, 15, 19)
3016, (5, 9, 12, 14, 15, 22)
3017, (5, 9, 12, 14, 16, 18)
3018, (5, 9, 12, 14, 16, 21)
3019, (5, 9, 12, 14, 17, 20)
3020, (5, 9, 12, 14, 18, 23)
3021, (5, 9, 12, 14, 19, 22)
3022, (5, 9, 12, 14, 21, 23)
3023, (5, 9, 12, 15, 16, 20)
3024, (5, 9, 12, 15, 18, 19)
3025, (5, 9, 12, 15, 18, 22)
3026, (5, 9, 12, 15, 19, 21)
3027, (5, 9, 12, 15, 20, 23)
3028, (5, 9, 12, 15, 21, 22)
3029, (5, 9, 12, 16, 18, 21)
3030, (5, 9, 12, 16, 19, 20)
3031, (5, 9, 12, 16, 20, 22)
3032, (5, 9, 12, 17, 18, 20)
3033, (5, 9, 12, 17, 20, 21)
3034, (5, 9, 12, 18, 19, 22)
3035, (5, 9, 12, 18, 21, 23)
3036, (5, 9, 12, 19, 20, 23)
3037, (5, 9, 12, 19, 21, 22)
3038, (5, 9, 12, 20, 22, 23)
3039, (5, 9, 13, 14, 15, 18)
3040, (5, 9, 13, 14, 15, 21)
3041, (5, 9, 13, 14, 16, 20)
3042, (5, 9, 13, 14, 18, 19)
3043, (5, 9, 13, 14, 18, 22)
3044, (5, 9, 13, 14, 19, 21)
3045, (5, 9, 13, 14, 20, 23)
3046, (5, 9, 13, 14, 21, 22)
3047, (5, 9, 13, 15, 18, 21)
3048, (5, 9, 13, 15, 19, 20)
3049, (5, 9, 13, 15, 20, 22)
3050, (5, 9, 13, 16, 18, 20)
3051, (5, 9, 13, 16, 20, 21)
3052, (5, 9, 13, 18, 19, 21)
3053, (5, 9, 13, 18, 20, 23)
3054, (5, 9, 13, 18, 21, 22)
3055, (5, 9, 13, 19, 20, 22)
3056, (5, 9, 13, 20, 21, 23)
3057, (5, 9, 14, 15, 18, 20)
3058, (5, 9, 14, 15, 20, 21)
3059, (5, 9, 14, 18, 19, 20)
3060, (5, 9, 14, 18, 20, 22)
3061, (5, 9, 14, 19, 20, 21)
3062, (5, 9, 14, 20, 21, 22)
3063, (5, 9, 15, 18, 20, 21)
3064, (5, 9, 18, 19, 20, 21)
3065, (5, 9, 18, 20, 21, 22)
3066, (5, 10, 12, 13, 14, 16)
3067, (5, 10, 12, 13, 14, 23)
3068, (5, 10, 12, 13, 15, 19)
3069, (5, 10, 12, 13, 15, 22)
3070, (5, 10, 12, 13, 16, 18)
3071, (5, 10, 12, 13, 16, 21)
3072, (5, 10, 12, 13, 17, 20)
3073, (5, 10, 12, 13, 18, 23)
3074, (5, 10, 12, 13, 19, 22)
3075, (5, 10, 12, 13, 21, 23)
3076, (5, 10, 12, 14, 15, 18)
3077, (5, 10, 12, 14, 15, 21)
3078, (5, 10, 12, 14, 16, 20)
3079, (5, 10, 12, 14, 18, 19)
3080, (5, 10, 12, 14, 18, 22)
3081, (5, 10, 12, 14, 19, 21)
3082, (5, 10, 12, 14, 20, 23)
3083, (5, 10, 12, 14, 21, 22)
3084, (5, 10, 12, 15, 18, 21)
3085, (5, 10, 12, 15, 19, 20)
3086, (5, 10, 12, 15, 20, 22)
3087, (5, 10, 12, 16, 18, 20)
3088, (5, 10, 12, 16, 20, 21)
3089, (5, 10, 12, 18, 19, 21)
3090, (5, 10, 12, 18, 20, 23)
3091, (5, 10, 12, 18, 21, 22)
3092, (5, 10, 12, 19, 20, 22)
3093, (5, 10, 12, 20, 21, 23)
3094, (5, 10, 13, 14, 15, 20)
3095, (5, 10, 13, 14, 18, 21)
3096, (5, 10, 13, 14, 19, 20)
3097, (5, 10, 13, 14, 20, 22)
3098, (5, 10, 13, 15, 18, 20)
3099, (5, 10, 13, 15, 20, 21)
3100, (5, 10, 13, 18, 19, 20)
3101, (5, 10, 13, 18, 20, 22)
3102, (5, 10, 13, 19, 20, 21)
3103, (5, 10, 13, 20, 21, 22)
3104, (5, 10, 14, 18, 20, 21)
3105, (5, 11, 12, 13, 14, 15)
3106, (5, 11, 12, 13, 14, 19)
3107, (5, 11, 12, 13, 14, 22)
3108, (5, 11, 12, 13, 15, 18)
3109, (5, 11, 12, 13, 15, 21)
3110, (5, 11, 12, 13, 16, 20)
3111, (5, 11, 12, 13, 18, 19)
3112, (5, 11, 12, 13, 18, 22)
3113, (5, 11, 12, 13, 19, 21)
3114, (5, 11, 12, 13, 20, 23)
3115, (5, 11, 12, 13, 21, 22)
3116, (5, 11, 12, 14, 15, 20)
3117, (5, 11, 12, 14, 18, 21)
3118, (5, 11, 12, 14, 19, 20)
3119, (5, 11, 12, 14, 20, 22)
3120, (5, 11, 12, 15, 18, 20)
3121, (5, 11, 12, 15, 20, 21)
3122, (5, 11, 12, 18, 19, 20)
3123, (5, 11, 12, 18, 20, 22)
3124, (5, 11, 12, 19, 20, 21)
3125, (5, 11, 12, 20, 21, 22)
3126, (5, 11, 13, 14, 18, 20)
3127, (5, 11, 13, 14, 20, 21)
3128, (5, 11, 13, 18, 20, 21)
3129, (6, 7, 12, 13, 16, 17)
3130, (6, 7, 12, 13, 17, 23)
3131, (6, 7, 12, 14, 15, 17)
3132, (6, 7, 12, 14, 16, 23)
3133, (6, 7, 12, 14, 17, 19)
3134, (6, 7, 12, 14, 17, 22)
3135, (6, 7, 12, 15, 16, 19)
3136, (6, 7, 12, 15, 16, 22)
3137, (6, 7, 12, 15, 17, 18)
3138, (6, 7, 12, 15, 17, 21)
3139, (6, 7, 12, 15, 19, 23)
3140, (6, 7, 12, 15, 22, 23)
3141, (6, 7, 12, 16, 17, 20)
3142, (6, 7, 12, 16, 18, 23)
3143, (6, 7, 12, 16, 19, 22)
3144, (6, 7, 12, 16, 21, 23)
3145, (6, 7, 12, 17, 18, 19)
3146, (6, 7, 12, 17, 18, 22)
3147, (6, 7, 12, 17, 19, 21)
3148, (6, 7, 12, 17, 20, 23)
3149, (6, 7, 12, 17, 21, 22)
3150, (6, 7, 12, 19, 22, 23)
3151, (6, 7, 13, 14, 15, 16)
3152, (6, 7, 13, 14, 15, 23)
3153, (6, 7, 13, 14, 16, 19)
3154, (6, 7, 13, 14, 16, 22)
3155, (6, 7, 13, 14, 17, 18)
3156, (6, 7, 13, 14, 17, 21)
3157, (6, 7, 13, 14, 19, 23)
3158, (6, 7, 13, 14, 22, 23)
3159, (6, 7, 13, 15, 16, 18)
3160, (6, 7, 13, 15, 16, 21)
3161, (6, 7, 13, 15, 17, 20)
3162, (6, 7, 13, 15, 18, 23)
3163, (6, 7, 13, 15, 19, 22)
3164, (6, 7, 13, 15, 21, 23)
3165, (6, 7, 13, 16, 18, 19)
3166, (6, 7, 13, 16, 18, 22)
3167, (6, 7, 13, 16, 19, 21)
3168, (6, 7, 13, 16, 20, 23)
3169, (6, 7, 13, 16, 21, 22)
3170, (6, 7, 13, 17, 18, 21)
3171, (6, 7, 13, 17, 19, 20)
3172, (6, 7, 13, 17, 20, 22)
3173, (6, 7, 13, 18, 19, 23)
3174, (6, 7, 13, 18, 22, 23)
3175, (6, 7, 13, 19, 21, 23)
3176, (6, 7, 13, 21, 22, 23)
3177, (6, 7, 14, 15, 16, 20)
3178, (6, 7, 14, 15, 18, 19)
3179, (6, 7, 14, 15, 18, 22)
3180, (6, 7, 14, 15, 19, 21)
3181, (6, 7, 14, 15, 20, 23)
3182, (6, 7, 14, 15, 21, 22)
3183, (6, 7, 14, 16, 18, 21)
3184, (6, 7, 14, 16, 19, 20)
3185, (6, 7, 14, 16, 20, 22)
3186, (6, 7, 14, 17, 18, 20)
3187, (6, 7, 14, 17, 20, 21)
3188, (6, 7, 14, 18, 19, 22)
3189, (6, 7, 14, 18, 21, 23)
3190, (6, 7, 14, 19, 20, 23)
3191, (6, 7, 14, 19, 21, 22)
3192, (6, 7, 14, 20, 22, 23)
3193, (6, 7, 15, 16, 18, 20)
3194, (6, 7, 15, 16, 20, 21)
3195, (6, 7, 15, 18, 19, 21)
3196, (6, 7, 15, 18, 20, 23)
3197, (6, 7, 15, 18, 21, 22)
3198, (6, 7, 15, 19, 20, 22)
3199, (6, 7, 15, 20, 21, 23)
3200, (6, 7, 16, 18, 19, 20)
3201, (6, 7, 16, 18, 20, 22)
3202, (6, 7, 16, 19, 20, 21)
3203, (6, 7, 16, 20, 21, 22)
3204, (6, 7, 17, 18, 20, 21)
3205, (6, 7, 18, 19, 20, 23)
3206, (6, 7, 18, 19, 21, 22)
3207, (6, 7, 18, 20, 22, 23)
3208, (6, 7, 19, 20, 21, 23)
3209, (6, 7, 20, 21, 22, 23)
3210, (6, 8, 12, 15, 16, 17)
3211, (6, 8, 12, 15, 17, 23)
3212, (6, 8, 12, 16, 17, 19)
3213, (6, 8, 12, 16, 17, 22)
3214, (6, 8, 12, 17, 19, 23)
3215, (6, 8, 12, 17, 22, 23)
3216, (6, 8, 13, 14, 16, 17)
3217, (6, 8, 13, 14, 17, 23)
3218, (6, 8, 13, 15, 16, 23)
3219, (6, 8, 13, 15, 17, 19)
3220, (6, 8, 13, 15, 17, 22)
3221, (6, 8, 13, 16, 17, 18)
3222, (6, 8, 13, 16, 17, 21)
3223, (6, 8, 13, 16, 19, 23)
3224, (6, 8, 13, 16, 22, 23)
3225, (6, 8, 13, 17, 18, 23)
3226, (6, 8, 13, 17, 19, 22)
3227, (6, 8, 13, 17, 21, 23)
3228, (6, 8, 14, 15, 16, 19)
3229, (6, 8, 14, 15, 16, 22)
3230, (6, 8, 14, 15, 17, 18)
3231, (6, 8, 14, 15, 17, 21)
3232, (6, 8, 14, 15, 19, 23)
3233, (6, 8, 14, 15, 22, 23)
3234, (6, 8, 14, 16, 17, 20)
3235, (6, 8, 14, 16, 18, 23)
3236, (6, 8, 14, 16, 19, 22)
3237, (6, 8, 14, 16, 21, 23)
3238, (6, 8, 14, 17, 18, 19)
3239, (6, 8, 14, 17, 18, 22)
3240, (6, 8, 14, 17, 19, 21)
3241, (6, 8, 14, 17, 20, 23)
3242, (6, 8, 14, 17, 21, 22)
3243, (6, 8, 14, 19, 22, 23)
3244, (6, 8, 15, 16, 18, 19)
3245, (6, 8, 15, 16, 18, 22)
3246, (6, 8, 15, 16, 19, 21)
3247, (6, 8, 15, 16, 20, 23)
3248, (6, 8, 15, 16, 21, 22)
3249, (6, 8, 15, 17, 18, 21)
3250, (6, 8, 15, 17, 19, 20)
3251, (6, 8, 15, 17, 20, 22)
3252, (6, 8, 15, 18, 19, 23)
3253, (6, 8, 15, 18, 22, 23)
3254, (6, 8, 15, 19, 21, 23)
3255, (6, 8, 15, 21, 22, 23)
3256, (6, 8, 16, 17, 18, 20)
3257, (6, 8, 16, 17, 20, 21)
3258, (6, 8, 16, 18, 19, 22)
3259, (6, 8, 16, 18, 21, 23)
3260, (6, 8, 16, 19, 20, 23)
3261, (6, 8, 16, 19, 21, 22)
3262, (6, 8, 16, 20, 22, 23)
3263, (6, 8, 17, 18, 19, 21)
3264, (6, 8, 17, 18, 20, 23)
3265, (6, 8, 17, 18, 21, 22)
3266, (6, 8, 17, 19, 20, 22)
3267, (6, 8, 17, 20, 21, 23)
3268, (6, 8, 18, 19, 22, 23)
3269, (6, 8, 19, 21, 22, 23)
3270, (6, 9, 12, 14, 16, 17)
3271, (6, 9, 12, 14, 17, 23)
3272, (6, 9, 12, 15, 16, 23)
3273, (6, 9, 12, 15, 17, 19)
3274, (6, 9, 12, 15, 17, 22)
3275, (6, 9, 12, 16, 17, 18)
3276, (6, 9, 12, 16, 17, 21)
3277, (6, 9, 12, 16, 19, 23)
3278, (6, 9, 12, 16, 22, 23)
3279, (6, 9, 12, 17, 18, 23)
3280, (6, 9, 12, 17, 19, 22)
3281, (6, 9, 12, 17, 21, 23)
3282, (6, 9, 13, 14, 15, 17)
3283, (6, 9, 13, 14, 16, 23)
3284, (6, 9, 13, 14, 17, 19)
3285, (6, 9, 13, 14, 17, 22)
3286, (6, 9, 13, 15, 16, 19)
3287, (6, 9, 13, 15, 16, 22)
3288, (6, 9, 13, 15, 17, 18)
3289, (6, 9, 13, 15, 17, 21)
3290, (6, 9, 13, 15, 19, 23)
3291, (6, 9, 13, 15, 22, 23)
3292, (6, 9, 13, 16, 17, 20)
3293, (6, 9, 13, 16, 18, 23)
3294, (6, 9, 13, 16, 19, 22)
3295, (6, 9, 13, 16, 21, 23)
3296, (6, 9, 13, 17, 18, 19)
3297, (6, 9, 13, 17, 18, 22)
3298, (6, 9, 13, 17, 19, 21)
3299, (6, 9, 13, 17, 20, 23)
3300, (6, 9, 13, 17, 21, 22)
3301, (6, 9, 13, 19, 22, 23)
3302, (6, 9, 14, 15, 16, 18)
3303, (6, 9, 14, 15, 16, 21)
3304, (6, 9, 14, 15, 17, 20)
3305, (6, 9, 14, 15, 18, 23)
3306, (6, 9, 14, 15, 19, 22)
3307, (6, 9, 14, 15, 21, 23)
3308, (6, 9, 14, 16, 18, 19)
3309, (6, 9, 14, 16, 18, 22)
3310, (6, 9, 14, 16, 19, 21)
3311, (6, 9, 14, 16, 20, 23)
3312, (6, 9, 14, 16, 21, 22)
3313, (6, 9, 14, 17, 18, 21)
3314, (6, 9, 14, 17, 19, 20)
3315, (6, 9, 14, 17, 20, 22)
3316, (6, 9, 14, 18, 19, 23)
3317, (6, 9, 14, 18, 22, 23)
3318, (6, 9, 14, 19, 21, 23)
3319, (6, 9, 14, 21, 22, 23)
3320, (6, 9, 15, 16, 18, 21)
3321, (6, 9, 15, 16, 19, 20)
3322, (6, 9, 15, 16, 20, 22)
3323, (6, 9, 15, 17, 18, 20)
3324, (6, 9, 15, 17, 20, 21)
3325, (6, 9, 15, 18, 19, 22)
3326, (6, 9, 15, 18, 21, 23)
3327, (6, 9, 15, 19, 20, 23)
3328, (6, 9, 15, 19, 21, 22)
3329, (6, 9, 15, 20, 22, 23)
3330, (6, 9, 16, 18, 19, 21)
3331, (6, 9, 16, 18, 20, 23)
3332, (6, 9, 16, 18, 21, 22)
3333, (6, 9, 16, 19, 20, 22)
3334, (6, 9, 16, 20, 21, 23)
3335, (6, 9, 17, 18, 19, 20)
3336, (6, 9, 17, 18, 20, 22)
3337, (6, 9, 17, 19, 20, 21)
3338, (6, 9, 17, 20, 21, 22)
3339, (6, 9, 18, 19, 21, 23)
3340, (6, 9, 18, 21, 22, 23)
3341, (6, 9, 19, 20, 22, 23)
3342, (6, 10, 12, 13, 16, 17)
3343, (6, 10, 12, 13, 17, 23)
3344, (6, 10, 12, 14, 15, 17)
3345, (6, 10, 12, 14, 16, 23)
3346, (6, 10, 12, 14, 17, 19)
3347, (6, 10, 12, 14, 17, 22)
3348, (6, 10, 12, 15, 16, 19)
3349, (6, 10, 12, 15, 16, 22)
3350, (6, 10, 12, 15, 17, 18)
3351, (6, 10, 12, 15, 17, 21)
3352, (6, 10, 12, 15, 19, 23)
3353, (6, 10, 12, 15, 22, 23)
3354, (6, 10, 12, 16, 17, 20)
3355, (6, 10, 12, 16, 18, 23)
3356, (6, 10, 12, 16, 19, 22)
3357, (6, 10, 12, 16, 21, 23)
3358, (6, 10, 12, 17, 18, 19)
3359, (6, 10, 12, 17, 18, 22)
3360, (6, 10, 12, 17, 19, 21)
3361, (6, 10, 12, 17, 20, 23)
3362, (6, 10, 12, 17, 21, 22)
3363, (6, 10, 12, 19, 22, 23)
3364, (6, 10, 13, 14, 15, 16)
3365, (6, 10, 13, 14, 15, 23)
3366, (6, 10, 13, 14, 16, 19)
3367, (6, 10, 13, 14, 16, 22)
3368, (6, 10, 13, 14, 17, 18)
3369, (6, 10, 13, 14, 17, 21)
3370, (6, 10, 13, 14, 19, 23)
3371, (6, 10, 13, 14, 22, 23)
3372, (6, 10, 13, 15, 16, 18)
3373, (6, 10, 13, 15, 16, 21)
3374, (6, 10, 13, 15, 17, 20)
3375, (6, 10, 13, 15, 18, 23)
3376, (6, 10, 13, 15, 19, 22)
3377, (6, 10, 13, 15, 21, 23)
3378, (6, 10, 13, 16, 18, 19)
3379, (6, 10, 13, 16, 18, 22)
3380, (6, 10, 13, 16, 19, 21)
3381, (6, 10, 13, 16, 20, 23)
3382, (6, 10, 13, 16, 21, 22)
3383, (6, 10, 13, 17, 18, 21)
3384, (6, 10, 13, 17, 19, 20)
3385, (6, 10, 13, 17, 20, 22)
3386, (6, 10, 13, 18, 19, 23)
3387, (6, 10, 13, 18, 22, 23)
3388, (6, 10, 13, 19, 21, 23)
3389, (6, 10, 13, 21, 22, 23)
3390, (6, 10, 14, 15, 16, 20)
3391, (6, 10, 14, 15, 18, 19)
3392, (6, 10, 14, 15, 18, 22)
3393, (6, 10, 14, 15, 19, 21)
3394, (6, 10, 14, 15, 20, 23)
3395, (6, 10, 14, 15, 21, 22)
3396, (6, 10, 14, 16, 18, 21)
3397, (6, 10, 14, 16, 19, 20)
3398, (6, 10, 14, 16, 20, 22)
3399, (6, 10, 14, 17, 18, 20)
3400, (6, 10, 14, 17, 20, 21)
3401, (6, 10, 14, 18, 19, 22)
3402, (6, 10, 14, 18, 21, 23)
3403, (6, 10, 14, 19, 20, 23)
3404, (6, 10, 14, 19, 21, 22)
3405, (6, 10, 14, 20, 22, 23)
3406, (6, 10, 15, 16, 18, 20)
3407, (6, 10, 15, 16, 20, 21)
3408, (6, 10, 15, 18, 19, 21)
3409, (6, 10, 15, 18, 20, 23)
3410, (6, 10, 15, 18, 21, 22)
3411, (6, 10, 15, 19, 20, 22)
3412, (6, 10, 15, 20, 21, 23)
3413, (6, 10, 16, 18, 19, 20)
3414, (6, 10, 16, 18, 20, 22)
3415, (6, 10, 16, 19, 20, 21)
3416, (6, 10, 16, 20, 21, 22)
3417, (6, 10, 17, 18, 20, 21)
3418, (6, 10, 18, 19, 20, 23)
3419, (6, 10, 18, 19, 21, 22)
3420, (6, 10, 18, 20, 22, 23)
3421, (6, 10, 19, 20, 21, 23)
3422, (6, 10, 20, 21, 22, 23)
3423, (6, 11, 12, 13, 15, 17)
3424, (6, 11, 12, 13, 16, 23)
3425, (6, 11, 12, 13, 17, 19)
3426, (6, 11, 12, 13, 17, 22)
3427, (6, 11, 12, 14, 15, 16)
3428, (6, 11, 12, 14, 15, 23)
3429, (6, 11, 12, 14, 16, 19)
3430, (6, 11, 12, 14, 16, 22)
3431, (6, 11, 12, 14, 17, 18)
3432, (6, 11, 12, 14, 17, 21)
3433, (6, 11, 12, 14, 19, 23)
3434, (6, 11, 12, 14, 22, 23)
3435, (6, 11, 12, 15, 16, 18)
3436, (6, 11, 12, 15, 16, 21)
3437, (6, 11, 12, 15, 17, 20)
3438, (6, 11, 12, 15, 18, 23)
3439, (6, 11, 12, 15, 19, 22)
3440, (6, 11, 12, 15, 21, 23)
3441, (6, 11, 12, 16, 18, 19)
3442, (6, 11, 12, 16, 18, 22)
3443, (6, 11, 12, 16, 19, 21)
3444, (6, 11, 12, 16, 20, 23)
3445, (6, 11, 12, 16, 21, 22)
3446, (6, 11, 12, 17, 18, 21)
3447, (6, 11, 12, 17, 19, 20)
3448, (6, 11, 12, 17, 20, 22)
3449, (6, 11, 12, 18, 19, 23)
3450, (6, 11, 12, 18, 22, 23)
3451, (6, 11, 12, 19, 21, 23)
3452, (6, 11, 12, 21, 22, 23)
3453, (6, 11, 13, 14, 15, 19)
3454, (6, 11, 13, 14, 15, 22)
3455, (6, 11, 13, 14, 16, 18)
3456, (6, 11, 13, 14, 16, 21)
3457, (6, 11, 13, 14, 17, 20)
3458, (6, 11, 13, 14, 18, 23)
3459, (6, 11, 13, 14, 19, 22)
3460, (6, 11, 13, 14, 21, 23)
3461, (6, 11, 13, 15, 16, 20)
3462, (6, 11, 13, 15, 18, 19)
3463, (6, 11, 13, 15, 18, 22)
3464, (6, 11, 13, 15, 19, 21)
3465, (6, 11, 13, 15, 20, 23)
3466, (6, 11, 13, 15, 21, 22)
3467, (6, 11, 13, 16, 18, 21)
3468, (6, 11, 13, 16, 19, 20)
3469, (6, 11, 13, 16, 20, 22)
3470, (6, 11, 13, 17, 18, 20)
3471, (6, 11, 13, 17, 20, 21)
3472, (6, 11, 13, 18, 19, 22)
3473, (6, 11, 13, 18, 21, 23)
3474, (6, 11, 13, 19, 20, 23)
3475, (6, 11, 13, 19, 21, 22)
3476, (6, 11, 13, 20, 22, 23)
3477, (6, 11, 14, 15, 18, 21)
3478, (6, 11, 14, 15, 19, 20)
3479, (6, 11, 14, 15, 20, 22)
3480, (6, 11, 14, 16, 18, 20)
3481, (6, 11, 14, 16, 20, 21)
3482, (6, 11, 14, 18, 19, 21)
3483, (6, 11, 14, 18, 20, 23)
3484, (6, 11, 14, 18, 21, 22)
3485, (6, 11, 14, 19, 20, 22)
3486, (6, 11, 14, 20, 21, 23)
3487, (6, 11, 15, 18, 19, 20)
3488, (6, 11, 15, 18, 20, 22)
3489, (6, 11, 15, 19, 20, 21)
3490, (6, 11, 15, 20, 21, 22)
3491, (6, 11, 16, 18, 20, 21)
3492, (6, 11, 18, 19, 20, 22)
3493, (6, 11, 18, 20, 21, 23)
3494, (6, 11, 19, 20, 21, 22)
3495, (7, 8, 12, 14, 16, 17)
3496, (7, 8, 12, 14, 17, 23)
3497, (7, 8, 12, 15, 16, 23)
3498, (7, 8, 12, 15, 17, 19)
3499, (7, 8, 12, 15, 17, 22)
3500, (7, 8, 12, 16, 17, 18)
3501, (7, 8, 12, 16, 17, 21)
3502, (7, 8, 12, 16, 19, 23)
3503, (7, 8, 12, 16, 22, 23)
3504, (7, 8, 12, 17, 18, 23)
3505, (7, 8, 12, 17, 19, 22)
3506, (7, 8, 12, 17, 21, 23)
3507, (7, 8, 13, 14, 15, 17)
3508, (7, 8, 13, 14, 16, 23)
3509, (7, 8, 13, 14, 17, 19)
3510, (7, 8, 13, 14, 17, 22)
3511, (7, 8, 13, 15, 16, 19)
3512, (7, 8, 13, 15, 16, 22)
3513, (7, 8, 13, 15, 17, 18)
3514, (7, 8, 13, 15, 17, 21)
3515, (7, 8, 13, 15, 19, 23)
3516, (7, 8, 13, 15, 22, 23)
3517, (7, 8, 13, 16, 17, 20)
3518, (7, 8, 13, 16, 18, 23)
3519, (7, 8, 13, 16, 19, 22)
3520, (7, 8, 13, 16, 21, 23)
3521, (7, 8, 13, 17, 18, 19)
3522, (7, 8, 13, 17, 18, 22)
3523, (7, 8, 13, 17, 19, 21)
3524, (7, 8, 13, 17, 20, 23)
3525, (7, 8, 13, 17, 21, 22)
3526, (7, 8, 13, 19, 22, 23)
3527, (7, 8, 14, 15, 16, 18)
3528, (7, 8, 14, 15, 16, 21)
3529, (7, 8, 14, 15, 17, 20)
3530, (7, 8, 14, 15, 18, 23)
3531, (7, 8, 14, 15, 19, 22)
3532, (7, 8, 14, 15, 21, 23)
3533, (7, 8, 14, 16, 18, 19)
3534, (7, 8, 14, 16, 18, 22)
3535, (7, 8, 14, 16, 19, 21)
3536, (7, 8, 14, 16, 20, 23)
3537, (7, 8, 14, 16, 21, 22)
3538, (7, 8, 14, 17, 18, 21)
3539, (7, 8, 14, 17, 19, 20)
3540, (7, 8, 14, 17, 20, 22)
3541, (7, 8, 14, 18, 19, 23)
3542, (7, 8, 14, 18, 22, 23)
3543, (7, 8, 14, 19, 21, 23)
3544, (7, 8, 14, 21, 22, 23)
3545, (7, 8, 15, 16, 18, 21)
3546, (7, 8, 15, 16, 19, 20)
3547, (7, 8, 15, 16, 20, 22)
3548, (7, 8, 15, 17, 18, 20)
3549, (7, 8, 15, 17, 20, 21)
3550, (7, 8, 15, 18, 19, 22)
3551, (7, 8, 15, 18, 21, 23)
3552, (7, 8, 15, 19, 20, 23)
3553, (7, 8, 15, 19, 21, 22)
3554, (7, 8, 15, 20, 22, 23)
3555, (7, 8, 16, 18, 19, 21)
3556, (7, 8, 16, 18, 20, 23)
3557, (7, 8, 16, 18, 21, 22)
3558, (7, 8, 16, 19, 20, 22)
3559, (7, 8, 16, 20, 21, 23)
3560, (7, 8, 17, 18, 19, 20)
3561, (7, 8, 17, 18, 20, 22)
3562, (7, 8, 17, 19, 20, 21)
3563, (7, 8, 17, 20, 21, 22)
3564, (7, 8, 18, 19, 21, 23)
3565, (7, 8, 18, 21, 22, 23)
3566, (7, 8, 19, 20, 22, 23)
3567, (7, 9, 12, 13, 16, 17)
3568, (7, 9, 12, 13, 17, 23)
3569, (7, 9, 12, 14, 15, 17)
3570, (7, 9, 12, 14, 16, 23)
3571, (7, 9, 12, 14, 17, 19)
3572, (7, 9, 12, 14, 17, 22)
3573, (7, 9, 12, 15, 16, 19)
3574, (7, 9, 12, 15, 16, 22)
3575, (7, 9, 12, 15, 17, 18)
3576, (7, 9, 12, 15, 17, 21)
3577, (7, 9, 12, 15, 19, 23)
3578, (7, 9, 12, 15, 22, 23)
3579, (7, 9, 12, 16, 17, 20)
3580, (7, 9, 12, 16, 18, 23)
3581, (7, 9, 12, 16, 19, 22)
3582, (7, 9, 12, 16, 21, 23)
3583, (7, 9, 12, 17, 18, 19)
3584, (7, 9, 12, 17, 18, 22)
3585, (7, 9, 12, 17, 19, 21)
3586, (7, 9, 12, 17, 20, 23)
3587, (7, 9, 12, 17, 21, 22)
3588, (7, 9, 12, 19, 22, 23)
3589, (7, 9, 13, 14, 15, 16)
3590, (7, 9, 13, 14, 15, 23)
3591, (7, 9, 13, 14, 16, 19)
3592, (7, 9, 13, 14, 16, 22)
3593, (7, 9, 13, 14, 17, 18)
3594, (7, 9, 13, 14, 17, 21)
3595, (7, 9, 13, 14, 19, 23)
3596, (7, 9, 13, 14, 22, 23)
3597, (7, 9, 13, 15, 16, 18)
3598, (7, 9, 13, 15, 16, 21)
3599, (7, 9, 13, 15, 17, 20)
3600, (7, 9, 13, 15, 18, 23)
3601, (7, 9, 13, 15, 19, 22)
3602, (7, 9, 13, 15, 21, 23)
3603, (7, 9, 13, 16, 18, 19)
3604, (7, 9, 13, 16, 18, 22)
3605, (7, 9, 13, 16, 19, 21)
3606, (7, 9, 13, 16, 20, 23)
3607, (7, 9, 13, 16, 21, 22)
3608, (7, 9, 13, 17, 18, 21)
3609, (7, 9, 13, 17, 19, 20)
3610, (7, 9, 13, 17, 20, 22)
3611, (7, 9, 13, 18, 19, 23)
3612, (7, 9, 13, 18, 22, 23)
3613, (7, 9, 13, 19, 21, 23)
3614, (7, 9, 13, 21, 22, 23)
3615, (7, 9, 14, 15, 16, 20)
3616, (7, 9, 14, 15, 18, 19)
3617, (7, 9, 14, 15, 18, 22)
3618, (7, 9, 14, 15, 19, 21)
3619, (7, 9, 14, 15, 20, 23)
3620, (7, 9, 14, 15, 21, 22)
3621, (7, 9, 14, 16, 18, 21)
3622, (7, 9, 14, 16, 19, 20)
3623, (7, 9, 14, 16, 20, 22)
3624, (7, 9, 14, 17, 18, 20)
3625, (7, 9, 14, 17, 20, 21)
3626, (7, 9, 14, 18, 19, 22)
3627, (7, 9, 14, 18, 21, 23)
3628, (7, 9, 14, 19, 20, 23)
3629, (7, 9, 14, 19, 21, 22)
3630, (7, 9, 14, 20, 22, 23)
3631, (7, 9, 15, 16, 18, 20)
3632, (7, 9, 15, 16, 20, 21)
3633, (7, 9, 15, 18, 19, 21)
3634, (7, 9, 15, 18, 20, 23)
3635, (7, 9, 15, 18, 21, 22)
3636, (7, 9, 15, 19, 20, 22)
3637, (7, 9, 15, 20, 21, 23)
3638, (7, 9, 16, 18, 19, 20)
3639, (7, 9, 16, 18, 20, 22)
3640, (7, 9, 16, 19, 20, 21)
3641, (7, 9, 16, 20, 21, 22)
3642, (7, 9, 17, 18, 20, 21)
3643, (7, 9, 18, 19, 20, 23)
3644, (7, 9, 18, 19, 21, 22)
3645, (7, 9, 18, 20, 22, 23)
3646, (7, 9, 19, 20, 21, 23)
3647, (7, 9, 20, 21, 22, 23)
3648, (7, 10, 12, 13, 15, 17)
3649, (7, 10, 12, 13, 16, 23)
3650, (7, 10, 12, 13, 17, 19)
3651, (7, 10, 12, 13, 17, 22)
3652, (7, 10, 12, 14, 15, 16)
3653, (7, 10, 12, 14, 15, 23)
3654, (7, 10, 12, 14, 16, 19)
3655, (7, 10, 12, 14, 16, 22)
3656, (7, 10, 12, 14, 17, 18)
3657, (7, 10, 12, 14, 17, 21)
3658, (7, 10, 12, 14, 19, 23)
3659, (7, 10, 12, 14, 22, 23)
3660, (7, 10, 12, 15, 16, 18)
3661, (7, 10, 12, 15, 16, 21)
3662, (7, 10, 12, 15, 17, 20)
3663, (7, 10, 12, 15, 18, 23)
3664, (7, 10, 12, 15, 19, 22)
3665, (7, 10, 12, 15, 21, 23)
3666, (7, 10, 12, 16, 18, 19)
3667, (7, 10, 12, 16, 18, 22)
3668, (7, 10, 12, 16, 19, 21)
3669, (7, 10, 12, 16, 20, 23)
3670, (7, 10, 12, 16, 21, 22)
3671, (7, 10, 12, 17, 18, 21)
3672, (7, 10, 12, 17, 19, 20)
3673, (7, 10, 12, 17, 20, 22)
3674, (7, 10, 12, 18, 19, 23)
3675, (7, 10, 12, 18, 22, 23)
3676, (7, 10, 12, 19, 21, 23)
3677, (7, 10, 12, 21, 22, 23)
3678, (7, 10, 13, 14, 15, 19)
3679, (7, 10, 13, 14, 15, 22)
3680, (7, 10, 13, 14, 16, 18)
3681, (7, 10, 13, 14, 16, 21)
3682, (7, 10, 13, 14, 17, 20)
3683, (7, 10, 13, 14, 18, 23)
3684, (7, 10, 13, 14, 19, 22)
3685, (7, 10, 13, 14, 21, 23)
3686, (7, 10, 13, 15, 16, 20)
3687, (7, 10, 13, 15, 18, 19)
3688, (7, 10, 13, 15, 18, 22)
3689, (7, 10, 13, 15, 19, 21)
3690, (7, 10, 13, 15, 20, 23)
3691, (7, 10, 13, 15, 21, 22)
3692, (7, 10, 13, 16, 18, 21)
3693, (7, 10, 13, 16, 19, 20)
3694, (7, 10, 13, 16, 20, 22)
3695, (7, 10, 13, 17, 18, 20)
3696, (7, 10, 13, 17, 20, 21)
3697, (7, 10, 13, 18, 19, 22)
3698, (7, 10, 13, 18, 21, 23)
3699, (7, 10, 13, 19, 20, 23)
3700, (7, 10, 13, 19, 21, 22)
3701, (7, 10, 13, 20, 22, 23)
3702, (7, 10, 14, 15, 18, 21)
3703, (7, 10, 14, 15, 19, 20)
3704, (7, 10, 14, 15, 20, 22)
3705, (7, 10, 14, 16, 18, 20)
3706, (7, 10, 14, 16, 20, 21)
3707, (7, 10, 14, 18, 19, 21)
3708, (7, 10, 14, 18, 20, 23)
3709, (7, 10, 14, 18, 21, 22)
3710, (7, 10, 14, 19, 20, 22)
3711, (7, 10, 14, 20, 21, 23)
3712, (7, 10, 15, 18, 19, 20)
3713, (7, 10, 15, 18, 20, 22)
3714, (7, 10, 15, 19, 20, 21)
3715, (7, 10, 15, 20, 21, 22)
3716, (7, 10, 16, 18, 20, 21)
3717, (7, 10, 18, 19, 20, 22)
3718, (7, 10, 18, 20, 21, 23)
3719, (7, 10, 19, 20, 21, 22)
3720, (7, 11, 12, 13, 14, 17)
3721, (7, 11, 12, 13, 15, 16)
3722, (7, 11, 12, 13, 15, 23)
3723, (7, 11, 12, 13, 16, 19)
3724, (7, 11, 12, 13, 16, 22)
3725, (7, 11, 12, 13, 17, 18)
3726, (7, 11, 12, 13, 17, 21)
3727, (7, 11, 12, 13, 19, 23)
3728, (7, 11, 12, 13, 22, 23)
3729, (7, 11, 12, 14, 15, 19)
3730, (7, 11, 12, 14, 15, 22)
3731, (7, 11, 12, 14, 16, 18)
3732, (7, 11, 12, 14, 16, 21)
3733, (7, 11, 12, 14, 17, 20)
3734, (7, 11, 12, 14, 18, 23)
3735, (7, 11, 12, 14, 19, 22)
3736, (7, 11, 12, 14, 21, 23)
3737, (7, 11, 12, 15, 16, 20)
3738, (7, 11, 12, 15, 18, 19)
3739, (7, 11, 12, 15, 18, 22)
3740, (7, 11, 12, 15, 19, 21)
3741, (7, 11, 12, 15, 20, 23)
3742, (7, 11, 12, 15, 21, 22)
3743, (7, 11, 12, 16, 18, 21)
3744, (7, 11, 12, 16, 19, 20)
3745, (7, 11, 12, 16, 20, 22)
3746, (7, 11, 12, 17, 18, 20)
3747, (7, 11, 12, 17, 20, 21)
3748, (7, 11, 12, 18, 19, 22)
3749, (7, 11, 12, 18, 21, 23)
3750, (7, 11, 12, 19, 20, 23)
3751, (7, 11, 12, 19, 21, 22)
3752, (7, 11, 12, 20, 22, 23)
3753, (7, 11, 13, 14, 15, 18)
3754, (7, 11, 13, 14, 15, 21)
3755, (7, 11, 13, 14, 16, 20)
3756, (7, 11, 13, 14, 18, 19)
3757, (7, 11, 13, 14, 18, 22)
3758, (7, 11, 13, 14, 19, 21)
3759, (7, 11, 13, 14, 20, 23)
3760, (7, 11, 13, 14, 21, 22)
3761, (7, 11, 13, 15, 18, 21)
3762, (7, 11, 13, 15, 19, 20)
3763, (7, 11, 13, 15, 20, 22)
3764, (7, 11, 13, 16, 18, 20)
3765, (7, 11, 13, 16, 20, 21)
3766, (7, 11, 13, 18, 19, 21)
3767, (7, 11, 13, 18, 20, 23)
3768, (7, 11, 13, 18, 21, 22)
3769, (7, 11, 13, 19, 20, 22)
3770, (7, 11, 13, 20, 21, 23)
3771, (7, 11, 14, 15, 18, 20)
3772, (7, 11, 14, 15, 20, 21)
3773, (7, 11, 14, 18, 19, 20)
3774, (7, 11, 14, 18, 20, 22)
3775, (7, 11, 14, 19, 20, 21)
3776, (7, 11, 14, 20, 21, 22)
3777, (7, 11, 15, 18, 20, 21)
3778, (7, 11, 18, 19, 20, 21)
3779, (7, 11, 18, 20, 21, 22)
3780, (8, 9, 12, 15, 16, 17)
3781, (8, 9, 12, 15, 17, 23)
3782, (8, 9, 12, 16, 17, 19)
3783, (8, 9, 12, 16, 17, 22)
3784, (8, 9, 12, 17, 19, 23)
3785, (8, 9, 12, 17, 22, 23)
3786, (8, 9, 13, 14, 16, 17)
3787, (8, 9, 13, 14, 17, 23)
3788, (8, 9, 13, 15, 16, 23)
3789, (8, 9, 13, 15, 17, 19)
3790, (8, 9, 13, 15, 17, 22)
3791, (8, 9, 13, 16, 17, 18)
3792, (8, 9, 13, 16, 17, 21)
3793, (8, 9, 13, 16, 19, 23)
3794, (8, 9, 13, 16, 22, 23)
3795, (8, 9, 13, 17, 18, 23)
3796, (8, 9, 13, 17, 19, 22)
3797, (8, 9, 13, 17, 21, 23)
3798, (8, 9, 14, 15, 16, 19)
3799, (8, 9, 14, 15, 16, 22)
3800, (8, 9, 14, 15, 17, 18)
3801, (8, 9, 14, 15, 17, 21)
3802, (8, 9, 14, 15, 19, 23)
3803, (8, 9, 14, 15, 22, 23)
3804, (8, 9, 14, 16, 17, 20)
3805, (8, 9, 14, 16, 18, 23)
3806, (8, 9, 14, 16, 19, 22)
3807, (8, 9, 14, 16, 21, 23)
3808, (8, 9, 14, 17, 18, 19)
3809, (8, 9, 14, 17, 18, 22)
3810, (8, 9, 14, 17, 19, 21)
3811, (8, 9, 14, 17, 20, 23)
3812, (8, 9, 14, 17, 21, 22)
3813, (8, 9, 14, 19, 22, 23)
3814, (8, 9, 15, 16, 18, 19)
3815, (8, 9, 15, 16, 18, 22)
3816, (8, 9, 15, 16, 19, 21)
3817, (8, 9, 15, 16, 20, 23)
3818, (8, 9, 15, 16, 21, 22)
3819, (8, 9, 15, 17, 18, 21)
3820, (8, 9, 15, 17, 19, 20)
3821, (8, 9, 15, 17, 20, 22)
3822, (8, 9, 15, 18, 19, 23)
3823, (8, 9, 15, 18, 22, 23)
3824, (8, 9, 15, 19, 21, 23)
3825, (8, 9, 15, 21, 22, 23)
3826, (8, 9, 16, 17, 18, 20)
3827, (8, 9, 16, 17, 20, 21)
3828, (8, 9, 16, 18, 19, 22)
3829, (8, 9, 16, 18, 21, 23)
3830, (8, 9, 16, 19, 20, 23)
3831, (8, 9, 16, 19, 21, 22)
3832, (8, 9, 16, 20, 22, 23)
3833, (8, 9, 17, 18, 19, 21)
3834, (8, 9, 17, 18, 20, 23)
3835, (8, 9, 17, 18, 21, 22)
3836, (8, 9, 17, 19, 20, 22)
3837, (8, 9, 17, 20, 21, 23)
3838, (8, 9, 18, 19, 22, 23)
3839, (8, 9, 19, 21, 22, 23)
3840, (8, 10, 12, 14, 16, 17)
3841, (8, 10, 12, 14, 17, 23)
3842, (8, 10, 12, 15, 16, 23)
3843, (8, 10, 12, 15, 17, 19)
3844, (8, 10, 12, 15, 17, 22)
3845, (8, 10, 12, 16, 17, 18)
3846, (8, 10, 12, 16, 17, 21)
3847, (8, 10, 12, 16, 19, 23)
3848, (8, 10, 12, 16, 22, 23)
3849, (8, 10, 12, 17, 18, 23)
3850, (8, 10, 12, 17, 19, 22)
3851, (8, 10, 12, 17, 21, 23)
3852, (8, 10, 13, 14, 15, 17)
3853, (8, 10, 13, 14, 16, 23)
3854, (8, 10, 13, 14, 17, 19)
3855, (8, 10, 13, 14, 17, 22)
3856, (8, 10, 13, 15, 16, 19)
3857, (8, 10, 13, 15, 16, 22)
3858, (8, 10, 13, 15, 17, 18)
3859, (8, 10, 13, 15, 17, 21)
3860, (8, 10, 13, 15, 19, 23)
3861, (8, 10, 13, 15, 22, 23)
3862, (8, 10, 13, 16, 17, 20)
3863, (8, 10, 13, 16, 18, 23)
3864, (8, 10, 13, 16, 19, 22)
3865, (8, 10, 13, 16, 21, 23)
3866, (8, 10, 13, 17, 18, 19)
3867, (8, 10, 13, 17, 18, 22)
3868, (8, 10, 13, 17, 19, 21)
3869, (8, 10, 13, 17, 20, 23)
3870, (8, 10, 13, 17, 21, 22)
3871, (8, 10, 13, 19, 22, 23)
3872, (8, 10, 14, 15, 16, 18)
3873, (8, 10, 14, 15, 16, 21)
3874, (8, 10, 14, 15, 17, 20)
3875, (8, 10, 14, 15, 18, 23)
3876, (8, 10, 14, 15, 19, 22)
3877, (8, 10, 14, 15, 21, 23)
3878, (8, 10, 14, 16, 18, 19)
3879, (8, 10, 14, 16, 18, 22)
3880, (8, 10, 14, 16, 19, 21)
3881, (8, 10, 14, 16, 20, 23)
3882, (8, 10, 14, 16, 21, 22)
3883, (8, 10, 14, 17, 18, 21)
3884, (8, 10, 14, 17, 19, 20)
3885, (8, 10, 14, 17, 20, 22)
3886, (8, 10, 14, 18, 19, 23)
3887, (8, 10, 14, 18, 22, 23)
3888, (8, 10, 14, 19, 21, 23)
3889, (8, 10, 14, 21, 22, 23)
3890, (8, 10, 15, 16, 18, 21)
3891, (8, 10, 15, 16, 19, 20)
3892, (8, 10, 15, 16, 20, 22)
3893, (8, 10, 15, 17, 18, 20)
3894, (8, 10, 15, 17, 20, 21)
3895, (8, 10, 15, 18, 19, 22)
3896, (8, 10, 15, 18, 21, 23)
3897, (8, 10, 15, 19, 20, 23)
3898, (8, 10, 15, 19, 21, 22)
3899, (8, 10, 15, 20, 22, 23)
3900, (8, 10, 16, 18, 19, 21)
3901, (8, 10, 16, 18, 20, 23)
3902, (8, 10, 16, 18, 21, 22)
3903, (8, 10, 16, 19, 20, 22)
3904, (8, 10, 16, 20, 21, 23)
3905, (8, 10, 17, 18, 19, 20)
3906, (8, 10, 17, 18, 20, 22)
3907, (8, 10, 17, 19, 20, 21)
3908, (8, 10, 17, 20, 21, 22)
3909, (8, 10, 18, 19, 21, 23)
3910, (8, 10, 18, 21, 22, 23)
3911, (8, 10, 19, 20, 22, 23)
3912, (8, 11, 12, 13, 16, 17)
3913, (8, 11, 12, 13, 17, 23)
3914, (8, 11, 12, 14, 15, 17)
3915, (8, 11, 12, 14, 16, 23)
3916, (8, 11, 12, 14, 17, 19)
3917, (8, 11, 12, 14, 17, 22)
3918, (8, 11, 12, 15, 16, 19)
3919, (8, 11, 12, 15, 16, 22)
3920, (8, 11, 12, 15, 17, 18)
3921, (8, 11, 12, 15, 17, 21)
3922, (8, 11, 12, 15, 19, 23)
3923, (8, 11, 12, 15, 22, 23)
3924, (8, 11, 12, 16, 17, 20)
3925, (8, 11, 12, 16, 18, 23)
3926, (8, 11, 12, 16, 19, 22)
3927, (8, 11, 12, 16, 21, 23)
3928, (8, 11, 12, 17, 18, 19)
3929, (8, 11, 12, 17, 18, 22)
3930, (8, 11, 12, 17, 19, 21)
3931, (8, 11, 12, 17, 20, 23)
3932, (8, 11, 12, 17, 21, 22)
3933, (8, 11, 12, 19, 22, 23)
3934, (8, 11, 13, 14, 15, 16)
3935, (8, 11, 13, 14, 15, 23)
3936, (8, 11, 13, 14, 16, 19)
3937, (8, 11, 13, 14, 16, 22)
3938, (8, 11, 13, 14, 17, 18)
3939, (8, 11, 13, 14, 17, 21)
3940, (8, 11, 13, 14, 19, 23)
3941, (8, 11, 13, 14, 22, 23)
3942, (8, 11, 13, 15, 16, 18)
3943, (8, 11, 13, 15, 16, 21)
3944, (8, 11, 13, 15, 17, 20)
3945, (8, 11, 13, 15, 18, 23)
3946, (8, 11, 13, 15, 19, 22)
3947, (8, 11, 13, 15, 21, 23)
3948, (8, 11, 13, 16, 18, 19)
3949, (8, 11, 13, 16, 18, 22)
3950, (8, 11, 13, 16, 19, 21)
3951, (8, 11, 13, 16, 20, 23)
3952, (8, 11, 13, 16, 21, 22)
3953, (8, 11, 13, 17, 18, 21)
3954, (8, 11, 13, 17, 19, 20)
3955, (8, 11, 13, 17, 20, 22)
3956, (8, 11, 13, 18, 19, 23)
3957, (8, 11, 13, 18, 22, 23)
3958, (8, 11, 13, 19, 21, 23)
3959, (8, 11, 13, 21, 22, 23)
3960, (8, 11, 14, 15, 16, 20)
3961, (8, 11, 14, 15, 18, 19)
3962, (8, 11, 14, 15, 18, 22)
3963, (8, 11, 14, 15, 19, 21)
3964, (8, 11, 14, 15, 20, 23)
3965, (8, 11, 14, 15, 21, 22)
3966, (8, 11, 14, 16, 18, 21)
3967, (8, 11, 14, 16, 19, 20)
3968, (8, 11, 14, 16, 20, 22)
3969, (8, 11, 14, 17, 18, 20)
3970, (8, 11, 14, 17, 20, 21)
3971, (8, 11, 14, 18, 19, 22)
3972, (8, 11, 14, 18, 21, 23)
3973, (8, 11, 14, 19, 20, 23)
3974, (8, 11, 14, 19, 21, 22)
3975, (8, 11, 14, 20, 22, 23)
3976, (8, 11, 15, 16, 18, 20)
3977, (8, 11, 15, 16, 20, 21)
3978, (8, 11, 15, 18, 19, 21)
3979, (8, 11, 15, 18, 20, 23)
3980, (8, 11, 15, 18, 21, 22)
3981, (8, 11, 15, 19, 20, 22)
3982, (8, 11, 15, 20, 21, 23)
3983, (8, 11, 16, 18, 19, 20)
3984, (8, 11, 16, 18, 20, 22)
3985, (8, 11, 16, 19, 20, 21)
3986, (8, 11, 16, 20, 21, 22)
3987, (8, 11, 17, 18, 20, 21)
3988, (8, 11, 18, 19, 20, 23)
3989, (8, 11, 18, 19, 21, 22)
3990, (8, 11, 18, 20, 22, 23)
3991, (8, 11, 19, 20, 21, 23)
3992, (8, 11, 20, 21, 22, 23)
3993, (9, 10, 12, 13, 16, 17)
3994, (9, 10, 12, 13, 17, 23)
3995, (9, 10, 12, 14, 15, 17)
3996, (9, 10, 12, 14, 16, 23)
3997, (9, 10, 12, 14, 17, 19)
3998, (9, 10, 12, 14, 17, 22)
3999, (9, 10, 12, 15, 16, 19)
4000, (9, 10, 12, 15, 16, 22)
4001, (9, 10, 12, 15, 17, 18)
4002, (9, 10, 12, 15, 17, 21)
4003, (9, 10, 12, 15, 19, 23)
4004, (9, 10, 12, 15, 22, 23)
4005, (9, 10, 12, 16, 17, 20)
4006, (9, 10, 12, 16, 18, 23)
4007, (9, 10, 12, 16, 19, 22)
4008, (9, 10, 12, 16, 21, 23)
4009, (9, 10, 12, 17, 18, 19)
4010, (9, 10, 12, 17, 18, 22)
4011, (9, 10, 12, 17, 19, 21)
4012, (9, 10, 12, 17, 20, 23)
4013, (9, 10, 12, 17, 21, 22)
4014, (9, 10, 12, 19, 22, 23)
4015, (9, 10, 13, 14, 15, 16)
4016, (9, 10, 13, 14, 15, 23)
4017, (9, 10, 13, 14, 16, 19)
4018, (9, 10, 13, 14, 16, 22)
4019, (9, 10, 13, 14, 17, 18)
4020, (9, 10, 13, 14, 17, 21)
4021, (9, 10, 13, 14, 19, 23)
4022, (9, 10, 13, 14, 22, 23)
4023, (9, 10, 13, 15, 16, 18)
4024, (9, 10, 13, 15, 16, 21)
4025, (9, 10, 13, 15, 17, 20)
4026, (9, 10, 13, 15, 18, 23)
4027, (9, 10, 13, 15, 19, 22)
4028, (9, 10, 13, 15, 21, 23)
4029, (9, 10, 13, 16, 18, 19)
4030, (9, 10, 13, 16, 18, 22)
4031, (9, 10, 13, 16, 19, 21)
4032, (9, 10, 13, 16, 20, 23)
4033, (9, 10, 13, 16, 21, 22)
4034, (9, 10, 13, 17, 18, 21)
4035, (9, 10, 13, 17, 19, 20)
4036, (9, 10, 13, 17, 20, 22)
4037, (9, 10, 13, 18, 19, 23)
4038, (9, 10, 13, 18, 22, 23)
4039, (9, 10, 13, 19, 21, 23)
4040, (9, 10, 13, 21, 22, 23)
4041, (9, 10, 14, 15, 16, 20)
4042, (9, 10, 14, 15, 18, 19)
4043, (9, 10, 14, 15, 18, 22)
4044, (9, 10, 14, 15, 19, 21)
4045, (9, 10, 14, 15, 20, 23)
4046, (9, 10, 14, 15, 21, 22)
4047, (9, 10, 14, 16, 18, 21)
4048, (9, 10, 14, 16, 19, 20)
4049, (9, 10, 14, 16, 20, 22)
4050, (9, 10, 14, 17, 18, 20)
4051, (9, 10, 14, 17, 20, 21)
4052, (9, 10, 14, 18, 19, 22)
4053, (9, 10, 14, 18, 21, 23)
4054, (9, 10, 14, 19, 20, 23)
4055, (9, 10, 14, 19, 21, 22)
4056, (9, 10, 14, 20, 22, 23)
4057, (9, 10, 15, 16, 18, 20)
4058, (9, 10, 15, 16, 20, 21)
4059, (9, 10, 15, 18, 19, 21)
4060, (9, 10, 15, 18, 20, 23)
4061, (9, 10, 15, 18, 21, 22)
4062, (9, 10, 15, 19, 20, 22)
4063, (9, 10, 15, 20, 21, 23)
4064, (9, 10, 16, 18, 19, 20)
4065, (9, 10, 16, 18, 20, 22)
4066, (9, 10, 16, 19, 20, 21)
4067, (9, 10, 16, 20, 21, 22)
4068, (9, 10, 17, 18, 20, 21)
4069, (9, 10, 18, 19, 20, 23)
4070, (9, 10, 18, 19, 21, 22)
4071, (9, 10, 18, 20, 22, 23)
4072, (9, 10, 19, 20, 21, 23)
4073, (9, 10, 20, 21, 22, 23)
4074, (9, 11, 12, 13, 15, 17)
4075, (9, 11, 12, 13, 16, 23)
4076, (9, 11, 12, 13, 17, 19)
4077, (9, 11, 12, 13, 17, 22)
4078, (9, 11, 12, 14, 15, 16)
4079, (9, 11, 12, 14, 15, 23)
4080, (9, 11, 12, 14, 16, 19)
4081, (9, 11, 12, 14, 16, 22)
4082, (9, 11, 12, 14, 17, 18)
4083, (9, 11, 12, 14, 17, 21)
4084, (9, 11, 12, 14, 19, 23)
4085, (9, 11, 12, 14, 22, 23)
4086, (9, 11, 12, 15, 16, 18)
4087, (9, 11, 12, 15, 16, 21)
4088, (9, 11, 12, 15, 17, 20)
4089, (9, 11, 12, 15, 18, 23)
4090, (9, 11, 12, 15, 19, 22)
4091, (9, 11, 12, 15, 21, 23)
4092, (9, 11, 12, 16, 18, 19)
4093, (9, 11, 12, 16, 18, 22)
4094, (9, 11, 12, 16, 19, 21)
4095, (9, 11, 12, 16, 20, 23)
4096, (9, 11, 12, 16, 21, 22)
4097, (9, 11, 12, 17, 18, 21)
4098, (9, 11, 12, 17, 19, 20)
4099, (9, 11, 12, 17, 20, 22)
4100, (9, 11, 12, 18, 19, 23)
4101, (9, 11, 12, 18, 22, 23)
4102, (9, 11, 12, 19, 21, 23)
4103, (9, 11, 12, 21, 22, 23)
4104, (9, 11, 13, 14, 15, 19)
4105, (9, 11, 13, 14, 15, 22)
4106, (9, 11, 13, 14, 16, 18)
4107, (9, 11, 13, 14, 16, 21)
4108, (9, 11, 13, 14, 17, 20)
4109, (9, 11, 13, 14, 18, 23)
4110, (9, 11, 13, 14, 19, 22)
4111, (9, 11, 13, 14, 21, 23)
4112, (9, 11, 13, 15, 16, 20)
4113, (9, 11, 13, 15, 18, 19)
4114, (9, 11, 13, 15, 18, 22)
4115, (9, 11, 13, 15, 19, 21)
4116, (9, 11, 13, 15, 20, 23)
4117, (9, 11, 13, 15, 21, 22)
4118, (9, 11, 13, 16, 18, 21)
4119, (9, 11, 13, 16, 19, 20)
4120, (9, 11, 13, 16, 20, 22)
4121, (9, 11, 13, 17, 18, 20)
4122, (9, 11, 13, 17, 20, 21)
4123, (9, 11, 13, 18, 19, 22)
4124, (9, 11, 13, 18, 21, 23)
4125, (9, 11, 13, 19, 20, 23)
4126, (9, 11, 13, 19, 21, 22)
4127, (9, 11, 13, 20, 22, 23)
4128, (9, 11, 14, 15, 18, 21)
4129, (9, 11, 14, 15, 19, 20)
4130, (9, 11, 14, 15, 20, 22)
4131, (9, 11, 14, 16, 18, 20)
4132, (9, 11, 14, 16, 20, 21)
4133, (9, 11, 14, 18, 19, 21)
4134, (9, 11, 14, 18, 20, 23)
4135, (9, 11, 14, 18, 21, 22)
4136, (9, 11, 14, 19, 20, 22)
4137, (9, 11, 14, 20, 21, 23)
4138, (9, 11, 15, 18, 19, 20)
4139, (9, 11, 15, 18, 20, 22)
4140, (9, 11, 15, 19, 20, 21)
4141, (9, 11, 15, 20, 21, 22)
4142, (9, 11, 16, 18, 20, 21)
4143, (9, 11, 18, 19, 20, 22)
4144, (9, 11, 18, 20, 21, 23)
4145, (9, 11, 19, 20, 21, 22)
4146, (10, 11, 12, 13, 14, 17)
4147, (10, 11, 12, 13, 15, 16)
4148, (10, 11, 12, 13, 15, 23)
4149, (10, 11, 12, 13, 16, 19)
4150, (10, 11, 12, 13, 16, 22)
4151, (10, 11, 12, 13, 17, 18)
4152, (10, 11, 12, 13, 17, 21)
4153, (10, 11, 12, 13, 19, 23)
4154, (10, 11, 12, 13, 22, 23)
4155, (10, 11, 12, 14, 15, 19)
4156, (10, 11, 12, 14, 15, 22)
4157, (10, 11, 12, 14, 16, 18)
4158, (10, 11, 12, 14, 16, 21)
4159, (10, 11, 12, 14, 17, 20)
4160, (10, 11, 12, 14, 18, 23)
4161, (10, 11, 12, 14, 19, 22)
4162, (10, 11, 12, 14, 21, 23)
4163, (10, 11, 12, 15, 16, 20)
4164, (10, 11, 12, 15, 18, 19)
4165, (10, 11, 12, 15, 18, 22)
4166, (10, 11, 12, 15, 19, 21)
4167, (10, 11, 12, 15, 20, 23)
4168, (10, 11, 12, 15, 21, 22)
4169, (10, 11, 12, 16, 18, 21)
4170, (10, 11, 12, 16, 19, 20)
4171, (10, 11, 12, 16, 20, 22)
4172, (10, 11, 12, 17, 18, 20)
4173, (10, 11, 12, 17, 20, 21)
4174, (10, 11, 12, 18, 19, 22)
4175, (10, 11, 12, 18, 21, 23)
4176, (10, 11, 12, 19, 20, 23)
4177, (10, 11, 12, 19, 21, 22)
4178, (10, 11, 12, 20, 22, 23)
4179, (10, 11, 13, 14, 15, 18)
4180, (10, 11, 13, 14, 15, 21)
4181, (10, 11, 13, 14, 16, 20)
4182, (10, 11, 13, 14, 18, 19)
4183, (10, 11, 13, 14, 18, 22)
4184, (10, 11, 13, 14, 19, 21)
4185, (10, 11, 13, 14, 20, 23)
4186, (10, 11, 13, 14, 21, 22)
4187, (10, 11, 13, 15, 18, 21)
4188, (10, 11, 13, 15, 19, 20)
4189, (10, 11, 13, 15, 20, 22)
4190, (10, 11, 13, 16, 18, 20)
4191, (10, 11, 13, 16, 20, 21)
4192, (10, 11, 13, 18, 19, 21)
4193, (10, 11, 13, 18, 20, 23)
4194, (10, 11, 13, 18, 21, 22)
4195, (10, 11, 13, 19, 20, 22)
4196, (10, 11, 13, 20, 21, 23)
4197, (10, 11, 14, 15, 18, 20)
4198, (10, 11, 14, 15, 20, 21)
4199, (10, 11, 14, 18, 19, 20)
4200, (10, 11, 14, 18, 20, 22)
4201, (10, 11, 14, 19, 20, 21)
4202, (10, 11, 14, 20, 21, 22)
4203, (10, 11, 15, 18, 20, 21)
4204, (10, 11, 18, 19, 20, 21)
4205, (10, 11, 18, 20, 21, 22)
